
        {
        "_id": "m100",
        
            "pasta": "Hispania",
        
  
        "titulo": "Hispania",
    
  
        "subtitulo": "Fantasia Espanhola para Banda Sinfónica",
    
  
        "tipo": "Ligeiro/Fantasia",
    
  
        "compositor": "Oscar Navarro",
    
  
        "instrumentos": [
    
        {"nome": "Clarinete Baixo",
         "partitura": {
            "path": "Hispania-clarinete-baixo.pdf"
        
        }}
        ,
    
        {"nome": "Clarinete",
         "partitura": {
            "path": "Hispania-clarinete1.pdf"
        , "voz": "I"
        }}
        ,
    
        {"nome": "Clarinete",
         "partitura": {
            "path": "Hispania-clarinete2.pdf"
        , "voz": "II"
        }}
        ,
    
        {"nome": "Clarinete",
         "partitura": {
            "path": "Hispania-clarinete3.pdf"
        , "voz": "III"
        }}
        ,
    
        {"nome": "Contrabaixo",
         "partitura": {
            "path": "Hispania-contrabaixo.pdf"
        
        }}
        ,
    
        {"nome": "Eufónio",
         "partitura": {
            "path": "Hispania-eufonio1-fa-do.pdf"
        , "voz": "I", "clave": "Fá", "afinacao": "Dó"
        }}
        ,
    
        {"nome": "Eufónio",
         "partitura": {
            "path": "Hispania-eufonio1-fa-sib.pdf"
        , "voz": "I", "clave": "Fá", "afinacao": "Sib"
        }}
        ,
    
        {"nome": "Eufónio",
         "partitura": {
            "path": "Hispania-eufonio2-fa-do.pdf"
        , "voz": "II", "clave": "Fá", "afinacao": "Dó"
        }}
        ,
    
        {"nome": "Eufónio",
         "partitura": {
            "path": "Hispania-eufonio2-fa-sib.pdf"
        , "voz": "II", "clave": "Fá", "afinacao": "Sib"
        }}
        ,
    
        {"nome": "Fagote",
         "partitura": {
            "path": "Hispania-fagote.pdf"
        
        }}
        ,
    
        {"nome": "Flauta",
         "partitura": {
            "path": "Hispania-flauta1.pdf"
        , "voz": "I"
        }}
        ,
    
        {"nome": "Flauta",
         "partitura": {
            "path": "Hispania-flauta2.pdf"
        , "voz": "II"
        }}
        ,
    
        {"nome": "Flautim",
         "partitura": {
            "path": "Hispania-flautim.pdf"
        
        }}
        ,
    
        {"nome": "Fliscorne",
         "partitura": {
            "path": "Hispania-fliscorne1.pdf"
        , "voz": "I"
        }}
        ,
    
        {"nome": "Fliscorne",
         "partitura": {
            "path": "Hispania-fliscorne2.pdf"
        , "voz": "II"
        }}
        ,
    
        {"nome": "Guitarra Espanhola",
         "partitura": {
            "path": "Hispania-guitarra-espanhola.pdf"
        
        }}
        ,
    
        {"nome": "Guitarra",
         "partitura": {
            "path": "Hispania-guitarra.pdf"
        
        }}
        ,
    
        {"nome": "Harpa",
         "partitura": {
            "path": "Hispania-harpa.pdf"
        
        }}
        ,
    
        {"nome": "Maestro",
         "partitura": {
            "path": "Hispania-maestro.pdf"
        
        }}
        ,
    
        {"nome": "Oboé",
         "partitura": {
            "path": "Hispania-oboe1.pdf"
        , "voz": "I"
        }}
        ,
    
        {"nome": "Oboé",
         "partitura": {
            "path": "Hispania-oboe2.pdf"
        , "voz": "II"
        }}
        ,
    
        {"nome": "Percussão",
         "partitura": {
            "path": "Hispania-percussao1.pdf"
        , "voz": "I"
        }}
        ,
    
        {"nome": "Percussão",
         "partitura": {
            "path": "Hispania-percussao2.pdf"
        , "voz": "II"
        }}
        ,
    
        {"nome": "Percussão",
         "partitura": {
            "path": "Hispania-percussao3.pdf"
        , "voz": "III"
        }}
        ,
    
        {"nome": "Percussão",
         "partitura": {
            "path": "Hispania-percussao4.pdf"
        , "voz": "IV"
        }}
        ,
    
        {"nome": "Piano",
         "partitura": {
            "path": "Hispania-piano.pdf"
        
        }}
        ,
    
        {"nome": "Requinta",
         "partitura": {
            "path": "Hispania-requinta.pdf"
        
        }}
        ,
    
        {"nome": "Sax Alto",
         "partitura": {
            "path": "Hispania-saxA1.pdf"
        , "voz": "I"
        }}
        ,
    
        {"nome": "Sax Alto",
         "partitura": {
            "path": "Hispania-saxA2.pdf"
        , "voz": "II"
        }}
        ,
    
        {"nome": "Sax Barítono",
         "partitura": {
            "path": "Hispania-saxB.pdf"
        
        }}
        ,
    
        {"nome": "Sax Tenor",
         "partitura": {
            "path": "Hispania-saxT1.pdf"
        , "voz": "I"
        }}
        ,
    
        {"nome": "Sax Tenor",
         "partitura": {
            "path": "Hispania-saxT2.pdf"
        , "voz": "II"
        }}
        ,
    
        {"nome": "Tímpanos",
         "partitura": {
            "path": "Hispania-timpanos.pdf"
        
        }}
        ,
    
        {"nome": "Trombone Baixo",
         "partitura": {
            "path": "Hispania-trombone-baixo.pdf"
        
        }}
        ,
    
        {"nome": "Trombone",
         "partitura": {
            "path": "Hispania-trombone1.pdf"
        , "voz": "I"
        }}
        ,
    
        {"nome": "Trombone",
         "partitura": {
            "path": "Hispania-trombone2.pdf"
        , "voz": "II"
        }}
        ,
    
        {"nome": "Trombone",
         "partitura": {
            "path": "Hispania-trombone3.pdf"
        , "voz": "III"
        }}
        ,
    
        {"nome": "Trompa",
         "partitura": {
            "path": "Hispania-trompa1.pdf"
        , "voz": "I"
        }}
        ,
    
        {"nome": "Trompa",
         "partitura": {
            "path": "Hispania-trompa3.pdf"
        , "voz": "III"
        }}
        ,
    
        {"nome": "Trompa",
         "partitura": {
            "path": "Hispania-trompa2.pdf"
        , "voz": "II"
        }}
        ,
    
        {"nome": "Trompa",
         "partitura": {
            "path": "Hispania-trompa4.pdf"
        , "voz": "IV"
        }}
        ,
    
        {"nome": "Trompete",
         "partitura": {
            "path": "Hispania-trompete1.pdf"
        , "voz": "I"
        }}
        ,
    
        {"nome": "Trompete",
         "partitura": {
            "path": "Hispania-trompete2.pdf"
        , "voz": "II"
        }}
        ,
    
        {"nome": "Trompete",
         "partitura": {
            "path": "Hispania-trompete3.pdf"
        , "voz": "III"
        }}
        ,
    
        {"nome": "Tuba",
         "partitura": {
            "path": "Hispania-tuba1-2.pdf"
        , "voz": "I"
        }}
        ,
    
        {"nome": "Tuba",
         "partitura": {
            "path": "Hispania-tuba1-2.pdf"
        , "voz": "II"
        }}
        ,
    
        {"nome": "Violoncelo",
         "partitura": {
            "path": "Hispania-violoncelo.pdf"
        
        }}
        
  ]
    
}
    