
        {
        "_id": "m101",
        
            "pasta": "JuanaArco",
        
  
        "titulo": "Juana de Arco",
    
  
        "subtitulo": "Poema Medieval",
    
  
        "tipo": "Ligeiro/Fantasia",
    
  
        "compositor": "Ferrer Ferran",
    
  
        "instrumentos": [
    
        {"nome": "Clarinete Baixo",
         "partitura": {
            "path": "JuanaArco-clarinete-baixo.pdf"
        
        }}
        ,
    
        {"nome": "Clarinete",
         "partitura": {
            "path": "JuanaArco-clarinete1.pdf"
        , "voz": "I"
        }}
        ,
    
        {"nome": "Clarinete",
         "partitura": {
            "path": "JuanaArco-clarinete2.pdf"
        , "voz": "II"
        }}
        ,
    
        {"nome": "Clarinete",
         "partitura": {
            "path": "JuanaArco-clarinete3.pdf"
        , "voz": "III"
        }}
        ,
    
        {"nome": "Contrabaixo",
         "partitura": {
            "path": "JuanaArco-contrabaixo.pdf"
        
        }}
        ,
    
        {"nome": "Eufónio",
         "partitura": {
            "path": "JuanaArco-eufonio1-fa-do.pdf"
        , "voz": "I", "clave": "Fá", "afinacao": "Dó"
        }}
        ,
    
        {"nome": "Eufónio",
         "partitura": {
            "path": "JuanaArco-eufonio2-fa-do.pdf"
        , "voz": "II", "clave": "Fá", "afinacao": "Dó"
        }}
        ,
    
        {"nome": "Fagote",
         "partitura": {
            "path": "JuanaArco-fagote1-2.pdf"
        , "voz": "I"
        }}
        ,
    
        {"nome": "Fagote",
         "partitura": {
            "path": "JuanaArco-fagote1-2.pdf"
        , "voz": "II"
        }}
        ,
    
        {"nome": "Flauta",
         "partitura": {
            "path": "JuanaArco-flauta1.pdf"
        , "voz": "I"
        }}
        ,
    
        {"nome": "Flauta",
         "partitura": {
            "path": "JuanaArco-flauta2.pdf"
        , "voz": "II"
        }}
        ,
    
        {"nome": "Flautim",
         "partitura": {
            "path": "JuanaArco-flautim.pdf"
        
        }}
        ,
    
        {"nome": "Fliscorne",
         "partitura": {
            "path": "JuanaArco-fliscorne1-2.pdf"
        , "voz": "I"
        }}
        ,
    
        {"nome": "Fliscorne",
         "partitura": {
            "path": "JuanaArco-fliscorne1-2.pdf"
        , "voz": "II"
        }}
        ,
    
        {"nome": "Maestro",
         "partitura": {
            "path": "JuanaArco-maestro.pdf"
        
        }}
        ,
    
        {"nome": "Oboé",
         "partitura": {
            "path": "JuanaArco-oboe1.pdf"
        , "voz": "I"
        }}
        ,
    
        {"nome": "Oboé",
         "partitura": {
            "path": "JuanaArco-oboe2.pdf"
        , "voz": "II"
        }}
        ,
    
        {"nome": "Percussão",
         "partitura": {
            "path": "JuanaArco-percussao1.pdf"
        , "voz": "I"
        }}
        ,
    
        {"nome": "Percussão",
         "partitura": {
            "path": "JuanaArco-percussao2.pdf"
        , "voz": "II"
        }}
        ,
    
        {"nome": "Percussão",
         "partitura": {
            "path": "JuanaArco-percussao3.pdf"
        , "voz": "III"
        }}
        ,
    
        {"nome": "Percussão",
         "partitura": {
            "path": "JuanaArco-percussao4.pdf"
        , "voz": "IV"
        }}
        ,
    
        {"nome": "Requinta",
         "partitura": {
            "path": "JuanaArco-requinta.pdf"
        
        }}
        ,
    
        {"nome": "Sax Baixo",
         "partitura": {
            "path": "JuanaArco-sax-baixo.pdf"
        
        }}
        ,
    
        {"nome": "Sax Alto",
         "partitura": {
            "path": "JuanaArco-saxA1.pdf"
        , "voz": "I"
        }}
        ,
    
        {"nome": "Sax Alto",
         "partitura": {
            "path": "JuanaArco-saxA2.pdf"
        , "voz": "II"
        }}
        ,
    
        {"nome": "Sax Barítono",
         "partitura": {
            "path": "JuanaArco-saxB.pdf"
        
        }}
        ,
    
        {"nome": "Sax Tenor",
         "partitura": {
            "path": "JuanaArco-saxT.pdf"
        
        }}
        ,
    
        {"nome": "Tímpanos",
         "partitura": {
            "path": "JuanaArco-timpanos.pdf"
        
        }}
        ,
    
        {"nome": "Trombone",
         "partitura": {
            "path": "JuanaArco-trombone1.pdf"
        , "voz": "I"
        }}
        ,
    
        {"nome": "Trombone",
         "partitura": {
            "path": "JuanaArco-trombone2-3.pdf"
        , "voz": "II"
        }}
        ,
    
        {"nome": "Trombone",
         "partitura": {
            "path": "JuanaArco-trombone2-3.pdf"
        , "voz": "III"
        }}
        ,
    
        {"nome": "Trompa",
         "partitura": {
            "path": "JuanaArco-trompa1-3.pdf"
        , "voz": "I"
        }}
        ,
    
        {"nome": "Trompa",
         "partitura": {
            "path": "JuanaArco-trompa1-3.pdf"
        , "voz": "III"
        }}
        ,
    
        {"nome": "Trompa",
         "partitura": {
            "path": "JuanaArco-trompa2.pdf"
        , "voz": "II"
        }}
        ,
    
        {"nome": "Trompete",
         "partitura": {
            "path": "JuanaArco-trompete1.pdf"
        , "voz": "I"
        }}
        ,
    
        {"nome": "Trompete",
         "partitura": {
            "path": "JuanaArco-trompete2.pdf"
        , "voz": "II"
        }}
        ,
    
        {"nome": "Trompete",
         "partitura": {
            "path": "JuanaArco-trompete3.pdf"
        , "voz": "III"
        }}
        ,
    
        {"nome": "Tuba",
         "partitura": {
            "path": "JuanaArco-tuba1-2-fa-do.pdf"
        , "voz": "I", "clave": "Fá", "afinacao": "Dó"
        }}
        ,
    
        {"nome": "Tuba",
         "partitura": {
            "path": "JuanaArco-tuba1-2-fa-do.pdf"
        , "voz": "II", "clave": "Fá", "afinacao": "Dó"
        }}
        
  ]
    
}
    