
        {
        "_id": "m102",
        
            "pasta": "MaisAltoMaisAlem",
        
  
        "titulo": "Mais Alto e Mais Além",
    
  
        "tipo": "Abertura/Concerto",
    
  
        "compositor": "Afonso Alves",
    
  
        "instrumentos": [
    
        {"nome": "Baixo",
         "partitura": {
            "path": "MaisAltoMaisAlem-baixo-fa-do.pdf"
        , "clave": "Fá", "afinacao": "Dó"
        }}
        ,
    
        {"nome": "Baixo",
         "partitura": {
            "path": "MaisAltoMaisAlem-baixo-fa-sib.pdf"
        , "clave": "Fá", "afinacao": "Sib"
        }}
        ,
    
        {"nome": "Baixo",
         "partitura": {
            "path": "MaisAltoMaisAlem-baixo-sol-mib.pdf"
        , "clave": "Sol", "afinacao": "Mib"
        }}
        ,
    
        {"nome": "Clarinete Baixo",
         "partitura": {
            "path": "MaisAltoMaisAlem-clarinete-baixo.pdf"
        
        }}
        ,
    
        {"nome": "Clarinete",
         "partitura": {
            "path": "MaisAltoMaisAlem-clarinete1.pdf"
        , "voz": "I"
        }}
        ,
    
        {"nome": "Clarinete",
         "partitura": {
            "path": "MaisAltoMaisAlem-clarinete2.pdf"
        , "voz": "II"
        }}
        ,
    
        {"nome": "Clarinete",
         "partitura": {
            "path": "MaisAltoMaisAlem-clarinete3.pdf"
        , "voz": "III"
        }}
        ,
    
        {"nome": "Corne Inglês",
         "partitura": {
            "path": "MaisAltoMaisAlem-corne-ingles.pdf"
        
        }}
        ,
    
        {"nome": "Eufónio",
         "partitura": {
            "path": "MaisAltoMaisAlem-eufonio-fa-do.pdf"
        , "clave": "Fá", "afinacao": "Dó"
        }}
        ,
    
        {"nome": "Eufónio",
         "partitura": {
            "path": "MaisAltoMaisAlem-eufonio-fa-sib.pdf"
        , "clave": "Fá", "afinacao": "Sib"
        }}
        ,
    
        {"nome": "Eufónio",
         "partitura": {
            "path": "MaisAltoMaisAlem-eufonio-sol-sib.pdf"
        , "clave": "Sol", "afinacao": "Sib"
        }}
        ,
    
        {"nome": "Fagote",
         "partitura": {
            "path": "MaisAltoMaisAlem-fagote.pdf"
        
        }}
        ,
    
        {"nome": "Flauta",
         "partitura": {
            "path": "MaisAltoMaisAlem-flauta1-2.pdf"
        , "voz": "I"
        }}
        ,
    
        {"nome": "Flauta",
         "partitura": {
            "path": "MaisAltoMaisAlem-flauta1-2.pdf"
        , "voz": "II"
        }}
        ,
    
        {"nome": "Maestro",
         "partitura": {
            "path": "MaisAltoMaisAlem-maestro.pdf"
        
        }}
        ,
    
        {"nome": "Oboé",
         "partitura": {
            "path": "MaisAltoMaisAlem-oboe.pdf"
        
        }}
        ,
    
        {"nome": "Percussão",
         "partitura": {
            "path": "MaisAltoMaisAlem-percussao1.pdf"
        , "voz": "I"
        }}
        ,
    
        {"nome": "Percussão",
         "partitura": {
            "path": "MaisAltoMaisAlem-percussao2.pdf"
        , "voz": "II"
        }}
        ,
    
        {"nome": "Percussão",
         "partitura": {
            "path": "MaisAltoMaisAlem-percussao3.pdf"
        , "voz": "III"
        }}
        ,
    
        {"nome": "Requinta",
         "partitura": {
            "path": "MaisAltoMaisAlem-requinta.pdf"
        
        }}
        ,
    
        {"nome": "Sax Alto",
         "partitura": {
            "path": "MaisAltoMaisAlem-saxA.pdf"
        
        }}
        ,
    
        {"nome": "Sax Barítono",
         "partitura": {
            "path": "MaisAltoMaisAlem-saxB.pdf"
        
        }}
        ,
    
        {"nome": "Sax Soprano",
         "partitura": {
            "path": "MaisAltoMaisAlem-saxS.pdf"
        
        }}
        ,
    
        {"nome": "Sax Tenor",
         "partitura": {
            "path": "MaisAltoMaisAlem-saxT.pdf"
        
        }}
        ,
    
        {"nome": "Tímpanos",
         "partitura": {
            "path": "MaisAltoMaisAlem-timpanos.pdf"
        
        }}
        ,
    
        {"nome": "Trombone",
         "partitura": {
            "path": "MaisAltoMaisAlem-trombone1-fa-do.pdf"
        , "voz": "I", "clave": "Fá", "afinacao": "Dó"
        }}
        ,
    
        {"nome": "Trombone",
         "partitura": {
            "path": "MaisAltoMaisAlem-trombone1-fa-sib.pdf"
        , "voz": "I", "clave": "Fá", "afinacao": "Sib"
        }}
        ,
    
        {"nome": "Trombone",
         "partitura": {
            "path": "MaisAltoMaisAlem-trombone1-sol-do.pdf"
        , "voz": "I", "clave": "Sol", "afinacao": "Dó"
        }}
        ,
    
        {"nome": "Trombone",
         "partitura": {
            "path": "MaisAltoMaisAlem-trombone1-sol-sib.pdf"
        , "voz": "I", "clave": "Sol", "afinacao": "Sib"
        }}
        ,
    
        {"nome": "Trombone",
         "partitura": {
            "path": "MaisAltoMaisAlem-trombone2-fa-do.pdf"
        , "voz": "II", "clave": "Fá", "afinacao": "Dó"
        }}
        ,
    
        {"nome": "Trombone",
         "partitura": {
            "path": "MaisAltoMaisAlem-trombone2-fa-sib.pdf"
        , "voz": "II", "clave": "Fá", "afinacao": "Sib"
        }}
        ,
    
        {"nome": "Trombone",
         "partitura": {
            "path": "MaisAltoMaisAlem-trombone2-sol-do.pdf"
        , "voz": "II", "clave": "Sol", "afinacao": "Dó"
        }}
        ,
    
        {"nome": "Trombone",
         "partitura": {
            "path": "MaisAltoMaisAlem-trombone2-sol-sib.pdf"
        , "voz": "II", "clave": "Sol", "afinacao": "Sib"
        }}
        ,
    
        {"nome": "Trombone",
         "partitura": {
            "path": "MaisAltoMaisAlem-trombone3-fa-do.pdf"
        , "voz": "III", "clave": "Fá", "afinacao": "Dó"
        }}
        ,
    
        {"nome": "Trombone",
         "partitura": {
            "path": "MaisAltoMaisAlem-trombone3-fa-sib.pdf"
        , "voz": "III", "clave": "Fá", "afinacao": "Sib"
        }}
        ,
    
        {"nome": "Trombone",
         "partitura": {
            "path": "MaisAltoMaisAlem-trombone3-sol-do.pdf"
        , "voz": "III", "clave": "Sol", "afinacao": "Dó"
        }}
        ,
    
        {"nome": "Trombone",
         "partitura": {
            "path": "MaisAltoMaisAlem-trombone3-sol-sib.pdf"
        , "voz": "III", "clave": "Sol", "afinacao": "Sib"
        }}
        ,    
    
        {"nome": "Trompa",
         "partitura": {
            "path": "MaisAltoMaisAlem-trompa.pdf"
        
        }}
        ,
    
        {"nome": "Trompa",
         "partitura": {
            "path": "MaisAltoMaisAlem-trompa-mib.pdf"
        , "afinacao": "Mib"
        }}
        ,    
    
        {"nome": "Trompete",
         "partitura": {
            "path": "MaisAltoMaisAlem-trompete1.pdf"
        , "voz": "I"
        }}
        ,
    
        {"nome": "Trompete",
         "partitura": {
            "path": "MaisAltoMaisAlem-trompete2.pdf"
        , "voz": "II"
        }}
        ,
    
        {"nome": "Trompete",
         "partitura": {
            "path": "MaisAltoMaisAlem-trompete3.pdf"
        , "voz": "III"
        }}
        ,
    
        {"nome": "Tuba",
         "partitura": {
            "path": "MaisAltoMaisAlem-tuba-fa-sib.pdf"
        , "clave": "Fá", "afinacao": "Sib"
        }}
        ,
    
        {"nome": "Tuba",
         "partitura": {
            "path": "MaisAltoMaisAlem-tuba-sol-sib.pdf"
        , "clave": "Sol", "afinacao": "Sib"
        }}
        
  ]
    
}
    