
        {
        "_id": "m102",
        
            "pasta": "UmaFlorSobreTumulo",
        
  
        "titulo": "Uma Flor Sobre o Túmulo",
    
  
        "subtitulo": "Marcha Fúnebre de Chopin",
    
  
        "tipo": "Abertura/Concerto",
    
  
        "compositor": "F. Chopin",
    
  
        "instrumentos": [
    
        {"nome": "Clarinete",
         "partitura": {
            "path": "UmaFlorSobreTumulo-clarinete1.pdf"
        , "voz": "I"
        }}
        ,
    
        {"nome": "Clarinete",
         "partitura": {
            "path": "UmaFlorSobreTumulo-clarinete2.pdf"
        , "voz": "II"
        }}
        ,
    
        {"nome": "Clarinete",
         "partitura": {
            "path": "UmaFlorSobreTumulo-clarinete3.pdf"
        , "voz": "III"
        }}
        ,    
    
        {"nome": "Eufónio",
         "partitura": {
            "path": "UmaFlorSobreTumulo-eufonio-fa-do.pdf"
        , "clave": "Fá", "afinacao": "Dó"
        }}
        ,
    
        {"nome": "Eufónio",
         "partitura": {
            "path": "UmaFlorSobreTumulo-eufonio-fa-sib.pdf"
        , "clave": "Fá", "afinacao": "Sib"
        }}
        ,
    
        {"nome": "Flauta",
         "partitura": {
            "path": "UmaFlorSobreTumulo-flauta.pdf"
        
        }}
        ,
    
        {"nome": "Maestro",
         "partitura": {
            "path": "UmaFlorSobreTumulo-maestro.pdf"
        
        }}
        ,
    
        {"nome": "Requinta",
         "partitura": {
            "path": "UmaFlorSobreTumulo-requinta.pdf"
        
        }}
        ,
    
        {"nome": "Sax Alto",
         "partitura": {
            "path": "UmaFlorSobreTumulo-saxA.pdf"
        
        }}
        ,
    
        {"nome": "Sax Tenor",
         "partitura": {
            "path": "UmaFlorSobreTumulo-saxT.pdf"
        
        }}
        ,
    
        {"nome": "SaxTuba",
         "partitura": {
            "path": "UmaFlorSobreTumulo-saxTuba1.pdf"
        , "voz": "I"
        }}
        ,
    
        {"nome": "SaxTuba",
         "partitura": {
            "path": "UmaFlorSobreTumulo-saxTuba2.pdf"
        , "voz": "II"
        }}
        ,
    
        {"nome": "SaxTuba",
         "partitura": {
            "path": "UmaFlorSobreTumulo-saxTuba3.pdf"
        , "voz": "III"
        }}
        ,    
    
        {"nome": "Trombone",
         "partitura": {
            "path": "UmaFlorSobreTumulo-trombone1.pdf"
        , "voz": "I"
        }}
        ,
    
        {"nome": "Trombone",
         "partitura": {
            "path": "UmaFlorSobreTumulo-trombone2.pdf"
        , "voz": "II"
        }}
        ,
    
        {"nome": "Trombone",
         "partitura": {
            "path": "UmaFlorSobreTumulo-trombone3.pdf"
        , "voz": "III"
        }}
        ,  
    
        {"nome": "Trompete",
         "partitura": {
            "path": "UmaFlorSobreTumulo-trompete1.pdf"
        , "voz": "I"
        }}
        ,
    
        {"nome": "Trompete",
         "partitura": {
            "path": "UmaFlorSobreTumulo-trompete2.pdf"
        , "voz": "II"
        }}
        ,
    
        {"nome": "Trompete",
         "partitura": {
            "path": "UmaFlorSobreTumulo-trompete3.pdf"
        , "voz": "III"
        }}
        ,
    
        {"nome": "Tuba",
         "partitura": {
            "path": "UmaFlorSobreTumulo-tuba-fa-sib.pdf"
        , "clave": "Fá", "afinacao": "Sib"
        }}
        ,
    
        {"nome": "Tuba",
         "partitura": {
            "path": "UmaFlorSobreTumulo-tuba-fa-mib.pdf"
        , "clave": "Fá", "afinacao": "Mib"
        }}
        
  ]
    
}
    