
        {
        "_id": "m105",
        
            "pasta": "SSebastiao",
        
      
        "titulo": "São Sebastião",
    
      
        "tipo": "Marcha de Procissão",
    
      
        "compositor": "Amílcar Morais",
    
      
        "instrumentos": [
         
        {"nome": "Clarinete",
         "partitura": {
            "path": "SSebastiao-clarinete1-A5.pdf"
        , "voz": "I"
        }}
        ,
        
        {"nome": "Clarinete",
         "partitura": {
            "path": "SSebastiao-clarinete1.pdf"
        , "voz": "I"
        }}
        ,
        
        {"nome": "Clarinete",
         "partitura": {
            "path": "SSebastiao-clarinete2-A5.pdf"
        , "voz": "II"
        }}
        ,
        
        {"nome": "Clarinete",
         "partitura": {
            "path": "SSebastiao-clarinete2.pdf"
        , "voz": "II"
        }}
        ,
        
        {"nome": "Clarinete",
         "partitura": {
            "path": "SSebastiao-clarinete3-A5.pdf"
        , "voz": "III"
        }}
        ,
        
        {"nome": "Clarinete",
         "partitura": {
            "path": "SSebastiao-clarinete3.pdf"
        , "voz": "III"
        }}
        ,
        
        {"nome": "Contrabaixo",
         "partitura": {
            "path": "SSebastiao-contrabaixo.pdf"
        
        }}
        ,
        
        {"nome": "Contrabaixo",
         "partitura": {
            "path": "SSebastiao-contrabaixo-A5.pdf"
        
        }}
        , 
        
        {"nome": "Eufónio",
         "partitura": {
            "path": "SSebastiao-eufonio-fa.pdf"
        , "clave": "Fá"
        }}
        ,
        
        {"nome": "Eufónio",
         "partitura": {
            "path": "SSebastiao-eufonio-fa-A5.pdf"
        , "clave": "Fá"
        }}
        ,
        
        {"nome": "Eufónio",
         "partitura": {
            "path": "SSebastiao-eufonio-sol-sib.pdf"
        , "clave": "Sol", "afinacao": "Sib"
        }}
        ,
        
        {"nome": "Eufónio",
         "partitura": {
            "path": "SSebastiao-eufonio-sol-sib-A5.pdf"
        , "clave": "Sol", "afinacao": "Sib"
        }}
        ,
        
        {"nome": "Flauta",
         "partitura": {
            "path": "SSebastiao-flauta-A5.pdf"
        
        }}
        ,
        
        {"nome": "Percussão",
         "partitura": {
            "path": "SSebastiao-percussao-A5.pdf"
        
        }}
        ,
        
        {"nome": "Pratos",
         "partitura": {
            "path": "SSebastiao-pratos-A5.pdf"
        
        }}
        ,
        
        {"nome": "Requinta",
         "partitura": {
            "path": "SSebastiao-requinta.pdf"
        
        }}
        ,
        
        {"nome": "Requinta",
         "partitura": {
            "path": "SSebastiao-requinta-A5.pdf"
        
        }}
        ,
        
        {"nome": "Sax Alto",
         "partitura": {
            "path": "SSebastiao-saxA.pdf"
        
        }}
        ,
        
        {"nome": "Sax Alto",
         "partitura": {
            "path": "SSebastiao-saxA-A5.pdf"
        
        }}
        ,
        
        {"nome": "Sax Barítono",
         "partitura": {
            "path": "SSebastiao-saxB.pdf"
        
        }}
        ,
        
        {"nome": "Sax Barítono",
         "partitura": {
            "path": "SSebastiao-saxB-A5.pdf"
        
        }}
        ,
        
        {"nome": "Sax Soprano",
         "partitura": {
            "path": "SSebastiao-saxS.pdf"
        
        }}
        ,
        
        {"nome": "Sax Soprano",
         "partitura": {
            "path": "SSebastiao-saxS-A5.pdf"
        
        }}
        ,
        
        {"nome": "Sax Tenor",
         "partitura": {
            "path": "SSebastiao-saxT.pdf"
        
        }}
        ,
        
        {"nome": "Sax Tenor",
         "partitura": {
            "path": "SSebastiao-saxT-A5.pdf"
        
        }}
        ,
        
        {"nome": "Trombone",
         "partitura": {
            "path": "SSebastiao-trombone1.pdf"
        , "voz": "I"
        }}
        ,
        
        {"nome": "Trombone",
         "partitura": {
            "path": "SSebastiao-trombone1-A5.pdf"
        , "voz": "I"
        }}
        ,
        
        {"nome": "Trombone",
         "partitura": {
            "path": "SSebastiao-trombone2.pdf"
        , "voz": "II"
        }}
        ,
        
        {"nome": "Trombone",
         "partitura": {
            "path": "SSebastiao-trombone2-A5.pdf"
        , "voz": "II"
        }}
        ,
        
        {"nome": "Trombone",
         "partitura": {
            "path": "SSebastiao-trombone3.pdf"
        , "voz": "III"
        }}
        ,
        
        {"nome": "Trombone",
         "partitura": {
            "path": "SSebastiao-trombone3-A5.pdf"
        , "voz": "III"
        }}
        ,
        
        {"nome": "Trompa",
         "partitura": {
            "path": "SSebastiao-trompa.pdf"
        
        }}
        ,
        
        {"nome": "Trompa",
         "partitura": {
            "path": "SSebastiao-trompa-A5.pdf"
        
        }}
        , 
        
        {"nome": "Trompete",
         "partitura": {
            "path": "SSebastiao-trompete1.pdf"
        , "voz": "I"
        }}
        , 
        
        {"nome": "Trompete",
         "partitura": {
            "path": "SSebastiao-trompete1-A5.pdf"
        , "voz": "I"
        }}
        , 
        
        {"nome": "Trompete",
         "partitura": {
            "path": "SSebastiao-trompete2.pdf"
        , "voz": "II"
        }}
        , 
        
        {"nome": "Trompete",
         "partitura": {
            "path": "SSebastiao-trompete2-A5.pdf"
        , "voz": "II"
        }}
        , 
        
        {"nome": "Trompete",
         "partitura": {
            "path": "SSebastiao-trompete3.pdf"
        , "voz": "III"
        }}
        , 
        
        {"nome": "Trompete",
         "partitura": {
            "path": "SSebastiao-trompete3-A5.pdf"
        , "voz": "III"
        }}
        , 
        
        {"nome": "Tuba",
         "partitura": {
            "path": "SSebastiao-tuba-sol.pdf"
        , "clave": "Sol"
        }}
        , 
        
        {"nome": "Tuba",
         "partitura": {
            "path": "SSebastiao-tuba-sol-sib-A5.pdf"
        , "clave": "Sol", "afinacao": "Sib"
        }}
                 
      ]
    
   }
    