
        {
        "_id": "m106",
        
            "pasta": "Industrial",
        
  
        "titulo": "Industrial",
    
  
        "tipo": "Marcha de Desfile",
    
  
        "compositor": "Amílcar Morais",
    
  
        "instrumentos": [
    
        {"nome": "Clarinete",
         "partitura": {
            "path": "Industrial-clarinete1.pdf"
        , "voz": "I"
        }}
        ,
    
        {"nome": "Clarinete",
         "partitura": {
            "path": "Industrial-clarinete2.pdf"
        , "voz": "II"
        }}
        ,
    
        {"nome": "Clarinete",
         "partitura": {
            "path": "Industrial-clarinete3.pdf"
        , "voz": "III"
        }}
        ,  
    
        {"nome": "Contrabaixo",
         "partitura": {
            "path": "Industrial-contrabaixo.pdf"
        
        }}
        ,  
    
        {"nome": "Eufónio",
         "partitura": {
            "path": "Industrial-eufonio-fa.pdf"
        , "clave": "Fá"
        }}
        ,
    
        {"nome": "Eufónio",
         "partitura": {
            "path": "Industrial-eufonio-sol-sib.pdf"
        , "clave": "Sol", "afinacao": "Sib"
        }}
        ,
    
        {"nome": "Flauta",
         "partitura": {
            "path": "Industrial-flauta.pdf"
        
        }}
        ,
    
        {"nome": "Maestro",
         "partitura": {
            "path": "Industrial-maestro.pdf"
        
        }}
        ,
    
        {"nome": "Percussão",
         "partitura": {
            "path": "Industrial-percussao.pdf"
        
        }}
        ,
    
        {"nome": "Requinta",
         "partitura": {
            "path": "Industrial-requinta.pdf"
        
        }}
        ,
    
        {"nome": "Sax Alto",
         "partitura": {
            "path": "Industrial-saxA.pdf"
        
        }}
        ,
    
        {"nome": "Sax Barítono",
         "partitura": {
            "path": "Industrial-saxB.pdf"
        
        }}
        ,
    
        {"nome": "Sax Soprano",
         "partitura": {
            "path": "Industrial-saxS.pdf"
        
        }}
        ,
    
        {"nome": "Sax Tenor",
         "partitura": {
            "path": "Industrial-saxT.pdf"
        
        }}
        ,
    
        {"nome": "Trombone",
         "partitura": {
            "path": "Industrial-trombone1.pdf"
        , "voz": "I"
        }}
        ,
    
        {"nome": "Trombone",
         "partitura": {
            "path": "Industrial-trombone2.pdf"
        , "voz": "II"
        }}
        ,
    
        {"nome": "Trombone",
         "partitura": {
            "path": "Industrial-trombone3.pdf"
        , "voz": "III"
        }}
        , 
    
        {"nome": "Trompa",
         "partitura": {
            "path": "Industrial-trompa.pdf"
        
        }}
        ,
    
        {"nome": "Trompete",
         "partitura": {
            "path": "Industrial-trompete1.pdf"
        , "voz": "I"
        }}
        ,
    
        {"nome": "Trompete",
         "partitura": {
            "path": "Industrial-trompete2.pdf"
        , "voz": "II"
        }}
        ,
    
        {"nome": "Trompete",
         "partitura": {
            "path": "Industrial-trompete3.pdf"
        , "voz": "III"
        }}
        ,
    
        {"nome": "Tuba",
         "partitura": {
            "path": "Industrial-tuba.pdf"
        
        }}
        
  ]
    
}
    