
        {
        "_id": "m107",
        
            "pasta": "Infantes6",
        
  
        "titulo": "Infantes do 6",
    
  
        "tipo": "Marcha de Desfile",
    
  
        "compositor": "Amílcar Morais",
    
  
        "instrumentos": [
    
        {"nome": "Clarinete",
         "partitura": {
            "path": "Infantes6-clarinete1.pdf"
        , "voz": "I"
        }}
        ,
    
        {"nome": "Clarinete",
         "partitura": {
            "path": "Infantes6-clarinete2.pdf"
        , "voz": "II"
        }}
        ,
    
        {"nome": "Clarinete",
         "partitura": {
            "path": "Infantes6-clarinete3.pdf"
        , "voz": "III"
        }}
        ,  
    
        {"nome": "Eufónio",
         "partitura": {
            "path": "Infantes6-eufonio-sol-sib.pdf"
        , "clave": "Sol", "afinacao": "Sib"
        }}
        ,
    
        {"nome": "Flauta",
         "partitura": {
            "path": "Infantes6-flauta1.pdf"
        , "voz": "I"
        }}
        ,
    
        {"nome": "Flauta",
         "partitura": {
            "path": "Infantes6-flauta2.pdf"
        , "voz": "II"
        }}
        ,
    
        {"nome": "Flautim",
         "partitura": {
            "path": "Infantes6-flautim.pdf"
        
        }}
        ,
    
        {"nome": "Maestro",
         "partitura": {
            "path": "Infantes6-maestro.pdf"
        
        }}
        ,
    
        {"nome": "Percussão",
         "partitura": {
            "path": "Infantes6-percussao.pdf"
        
        }}
        ,
    
        {"nome": "Sax Alto",
         "partitura": {
            "path": "Infantes6-saxA.pdf"
        
        }}
        ,
    
        {"nome": "Sax Barítono",
         "partitura": {
            "path": "Infantes6-saxB.pdf"
        
        }}
        ,
    
        {"nome": "Sax Soprano",
         "partitura": {
            "path": "Infantes6-saxS.pdf"
        
        }}
        ,
    
        {"nome": "Sax Tenor",
         "partitura": {
            "path": "Infantes6-saxT.pdf"
        
        }}
        ,
    
        {"nome": "Trombone",
         "partitura": {
            "path": "Infantes6-trombone1.pdf"
        , "voz": "I"
        }}
        ,
    
        {"nome": "Trombone",
         "partitura": {
            "path": "Infantes6-trombone2.pdf"
        , "voz": "II"
        }}
        ,
    
        {"nome": "Trombone",
         "partitura": {
            "path": "Infantes6-trombone3.pdf"
        , "voz": "III"
        }}
        , 
    
        {"nome": "Trompa",
         "partitura": {
            "path": "Infantes6-trompa1.pdf"
        , "voz": "I"
        }}
        ,
    
        {"nome": "Trompa",
         "partitura": {
            "path": "Infantes6-trompa2.pdf"
        , "voz": "II"
        }}
        ,
    
        {"nome": "Trompa",
         "partitura": {
            "path": "Infantes6-trompa3.pdf"
        , "voz": "III"
        }}
        ,
    
        {"nome": "Trompete",
         "partitura": {
            "path": "Infantes6-trompete1.pdf"
        , "voz": "I"
        }}
        ,
    
        {"nome": "Trompete",
         "partitura": {
            "path": "Infantes6-trompete2.pdf"
        , "voz": "II"
        }}
        ,
    
        {"nome": "Trompete",
         "partitura": {
            "path": "Infantes6-trompete3.pdf"
        , "voz": "III"
        }}
        ,
    
        {"nome": "Tuba",
         "partitura": {
            "path": "Infantes6-tuba-sol-sib.pdf"
        , "clave": "Sol", "afinacao": "Sib"
        }}
        
  ]
    
}
    