
        {
        "_id": "m108",
        
            "pasta": "BodasDiamante",
        
  
        "titulo": "Bodas de Diamante",
    
  
        "tipo": "Marcha de Desfile",
    
  
        "compositor": "Amílcar Morais",
    
  
        "instrumentos": [
    
        {"nome": "Bombo",
         "partitura": {
            "path": "BodasDiamante-bombo-pratos.pdf"
        
        }}
        ,
    
        {"nome": "Pratos",
         "partitura": {
            "path": "BodasDiamante-bombo-pratos.pdf"
        
        }}
        ,
    
        {"nome": "Caixa",
         "partitura": {
            "path": "BodasDiamante-caixa.pdf"
        
        }}
        ,
    
        {"nome": "Carrilhão",
         "partitura": {
            "path": "BodasDiamante-carrilhao.pdf"
        
        }}
        ,
    
        {"nome": "Clarinete Baixo",
         "partitura": {
            "path": "BodasDiamante-clarinete-baixo.pdf"
        
        }}
        ,
    
        {"nome": "Clarinete",
         "partitura": {
            "path": "BodasDiamante-clarinete1.pdf"
        , "voz": "I"
        }}
        ,
    
        {"nome": "Clarinete",
         "partitura": {
            "path": "BodasDiamante-clarinete2.pdf"
        , "voz": "II"
        }}
        ,
    
        {"nome": "Clarinete",
         "partitura": {
            "path": "BodasDiamante-clarinete3.pdf"
        , "voz": "III"
        }}
        ,  
    
        {"nome": "Contrabaixo",
         "partitura": {
            "path": "BodasDiamante-contrabaixo.pdf"
        
        }}
        ,
    
        {"nome": "Eufónio",
         "partitura": {
            "path": "BodasDiamante-eufonio-fa-sib.pdf"
        , "clave": "Fá", "afinacao": "Sib"
        }}
        ,
    
        {"nome": "Eufónio",
         "partitura": {
            "path": "BodasDiamante-eufonio-fa-do.pdf"
        , "clave": "Fá", "afinacao": "Dó"
        }}
        ,
    
        {"nome": "Flauta",
         "partitura": {
            "path": "BodasDiamante-flauta-flautim.pdf"
        
        }}
        ,
    
        {"nome": "Flautim",
         "partitura": {
            "path": "BodasDiamante-flauta-flautim.pdf"
        
        }}
        ,
    
        {"nome": "Lira",
         "partitura": {
            "path": "BodasDiamante-lira.pdf"
        
        }}
        ,
    
        {"nome": "Maestro",
         "partitura": {
            "path": "BodasDiamante-maestro.pdf"
        
        }}
        ,
    
        {"nome": "Oboé",
         "partitura": {
            "path": "BodasDiamante-oboe.pdf"
        
        }}
        ,
    
        {"nome": "Requinta",
         "partitura": {
            "path": "BodasDiamante-requinta.pdf"
        
        }}
        ,
    
        {"nome": "Sax Alto",
         "partitura": {
            "path": "BodasDiamante-saxA1.pdf"
        , "voz": "I"
        }}
        ,
    
        {"nome": "Sax Alto",
         "partitura": {
            "path": "BodasDiamante-saxA2.pdf"
        , "voz": "II"
        }}
        ,
    
        {"nome": "Sax Barítono",
         "partitura": {
            "path": "BodasDiamante-saxB.pdf"
        
        }}
        ,
    
        {"nome": "Sax Soprano",
         "partitura": {
            "path": "BodasDiamante-saxS.pdf"
        
        }}
        ,
    
        {"nome": "Sax Tenor",
         "partitura": {
            "path": "BodasDiamante-saxT.pdf"
        
        }}
        ,
    
        {"nome": "Trombone",
         "partitura": {
            "path": "BodasDiamante-trombone1.pdf"
        , "voz": "I"
        }}
        ,
    
        {"nome": "Trombone",
         "partitura": {
            "path": "BodasDiamante-trombone2.pdf"
        , "voz": "II"
        }}
        ,
    
        {"nome": "Trombone",
         "partitura": {
            "path": "BodasDiamante-trombone3.pdf"
        , "voz": "III"
        }}
        , 
    
        {"nome": "Trompa",
         "partitura": {
            "path": "BodasDiamante-trompa1.pdf"
        , "voz": "I"
        }}
        ,
    
        {"nome": "Trompa",
         "partitura": {
            "path": "BodasDiamante-trompa2.pdf"
        , "voz": "II"
        }}
        ,
    
        {"nome": "Trompa",
         "partitura": {
            "path": "BodasDiamante-trompa3.pdf"
        , "voz": "III"
        }}
        ,
    
        {"nome": "Trompete",
         "partitura": {
            "path": "BodasDiamante-trompete1.pdf"
        , "voz": "I"
        }}
        ,
    
        {"nome": "Trompete",
         "partitura": {
            "path": "BodasDiamante-trompete2.pdf"
        , "voz": "II"
        }}
        ,
    
        {"nome": "Trompete",
         "partitura": {
            "path": "BodasDiamante-trompete3.pdf"
        , "voz": "III"
        }}
        ,
    
        {"nome": "Tuba",
         "partitura": {
            "path": "BodasDiamante-tuba-sol-sib.pdf"
        , "clave": "Sol", "afinacao": "Sib"
        }}
        ,
    
        {"nome": "Tuba",
         "partitura": {
            "path": "BodasDiamante-tuba-fa-sib.pdf"
        , "clave": "Fá", "afinacao": "Sib"
        }}
        
  ]
    
}
    