
        {
        "_id": "m109",
        
            "pasta": "Despedida",
        
  
        "titulo": "Despedida",
    
  
        "tipo": "Marcha de Desfile",
    
  
        "compositor": "Amílcar Morais",
    
  
        "instrumentos": [
    
        {"nome": "Bombo",
         "partitura": {
            "path": "Despedida-bombo.pdf"
        
        }}
        ,
    
        {"nome": "Caixa",
         "partitura": {
            "path": "Despedida-caixa.pdf"
        
        }}
        ,
    
        {"nome": "Clarinete",
         "partitura": {
            "path": "Despedida-clarinete1.pdf"
        , "voz": "I"
        }}
        ,
    
        {"nome": "Clarinete",
         "partitura": {
            "path": "Despedida-clarinete2.pdf"
        , "voz": "II"
        }}
        ,
    
        {"nome": "Clarinete",
         "partitura": {
            "path": "Despedida-clarinete3.pdf"
        , "voz": "III"
        }}
        ,  
    
        {"nome": "Eufónio",
         "partitura": {
            "path": "BodasDiamante-eufonio-fa-sib.pdf"
        , "clave": "Fá", "afinacao": "Sib"
        }}
        ,
    
        {"nome": "Eufónio",
         "partitura": {
            "path": "Despedida-eufonio.pdf"
        
        }}
        ,
    
        {"nome": "Flauta",
         "partitura": {
            "path": "Despedida-flauta.pdf"
        
        }}
        ,
    
        {"nome": "Maestro",
         "partitura": {
            "path": "Despedida-maestro.pdf"
        
        }}
        ,
    
        {"nome": "Oboé",
         "partitura": {
            "path": "Despedida-oboe.pdf"
        
        }}
        ,
    
        {"nome": "Requinta",
         "partitura": {
            "path": "Despedida-requinta.pdf"
        
        }}
        ,
    
        {"nome": "Sax Alto",
         "partitura": {
            "path": "Despedida-saxA.pdf"
        
        }}
        ,
    
        {"nome": "Sax Tenor",
         "partitura": {
            "path": "Despedida-saxT.pdf"
        
        }}
        ,
    
        {"nome": "Trombone",
         "partitura": {
            "path": "Despedida-trombone1.pdf"
        , "voz": "I"
        }}
        ,
    
        {"nome": "Trombone",
         "partitura": {
            "path": "Despedida-trombone2.pdf"
        , "voz": "II"
        }}
        ,
    
        {"nome": "Trombone",
         "partitura": {
            "path": "Despedida-trombone3.pdf"
        , "voz": "III"
        }}
        , 
    
        {"nome": "Trompa",
         "partitura": {
            "path": "Despedida-trompa1.pdf"
        , "voz": "I"
        }}
        ,
    
        {"nome": "Trompa",
         "partitura": {
            "path": "Despedida-trompa2.pdf"
        , "voz": "II"
        }}
        ,
    
        {"nome": "Trompa",
         "partitura": {
            "path": "Despedida-trompa1-mib.pdf"
        , "voz": "I", "afinacao": "Mib"
        }}
        ,
    
        {"nome": "Trompa",
         "partitura": {
            "path": "Despedida-trompa2-mib.pdf"
        , "voz": "II", "afinacao": "Mib"
        }}
        ,
    
        {"nome": "Trompete",
         "partitura": {
            "path": "Despedida-trompete1.pdf"
        , "voz": "I"
        }}
        ,
    
        {"nome": "Trompete",
         "partitura": {
            "path": "Despedida-trompete2.pdf"
        , "voz": "II"
        }}
        ,
    
        {"nome": "Trompete",
         "partitura": {
            "path": "Despedida-trompete3.pdf"
        , "voz": "III"
        }}
        ,
    
        {"nome": "Tuba",
         "partitura": {
            "path": "Despedida-tuba-sol-sib.pdf"
        , "clave": "Sol", "afinacao": "Sib"
        }}
        ,
    
        {"nome": "Tuba",
         "partitura": {
            "path": "Despedida-tuba-mib.pdf"
        , "afinacao": "Mib"
        }}
        
  ]
    
}
    