
        {
        "_id": "m114",
        
            "pasta": "TheWitchAndTheSaint",
        
  
        "titulo": "The Witch And The Saint",
    
  
        "tipo": "Ligeiro/Fantasia",
    
  
        "compositor": "Steven Reineke",
    
  
    
  
  
        "instrumentos": [
    
        {"nome": "Clarinete Baixo",
         "partitura": {
            "path": "TheWitchAndTheSaint-clarinete-baixo.pdf"
        
        }}
        ,
    
        {"nome": "Clarinete",
         "partitura": {
            "path": "TheWitchAndTheSaint-clarinete1.pdf"
        , "voz": "I"
        }}
        ,
    
        {"nome": "Clarinete",
         "partitura": {
            "path": "TheWitchAndTheSaint-clarinete2.pdf"
        , "voz": "II"
        }}
        , 
    
        {"nome": "Clarinete",
         "partitura": {
            "path": "TheWitchAndTheSaint-clarinete3.pdf"
        , "voz": "III"
        }}
        ,
    
        {"nome": "Eufónio",
         "partitura": {
            "path": "TheWitchAndTheSaint-eufonio-fa-do.pdf"
        , "clave": "Fá", "afinacao": "Dó"
        }}
        ,
    
        {"nome": "Eufónio",
         "partitura": {
            "path": "TheWitchAndTheSaint-eufonio-sol-sib.pdf"
        , "clave": "Sol", "afinacao": "Sib"
        }}
        ,
    
        {"nome": "Fagote",
         "partitura": {
            "path": "TheWitchAndTheSaint-fagote.pdf"
        
        }}
        ,
    
        {"nome": "Flauta",
         "partitura": {
            "path": "TheWitchAndTheSaint-flauta1.pdf"
        , "voz": "I"
        }}
        ,
    
        {"nome": "Flauta",
         "partitura": {
            "path": "TheWitchAndTheSaint-flauta2.pdf"
        , "voz": "II"
        }}
        ,
    
        {"nome": "Flautim",
         "partitura": {
            "path": "TheWitchAndTheSaint-flautim.pdf"
        
        }}
        ,
    
        {"nome": "Lira",
         "partitura": {
            "path": "TheWitchAndTheSaint-lira.pdf"
        
        }}
        ,
    
        {"nome": "Maestro",
         "partitura": {
            "path": "TheWitchAndTheSaint-maestro.pdf"
        
        }}
        ,
    
        {"nome": "Oboé",
         "partitura": {
            "path": "TheWitchAndTheSaint-oboe.pdf"
        
        }}
        ,
    
        {"nome": "Percussão",
         "partitura": {
            "path": "TheWitchAndTheSaint-percussao1.pdf"
        , "voz": "I"
        }}
        ,
    
        {"nome": "Percussão",
         "partitura": {
            "path": "TheWitchAndTheSaint-percussao2.pdf"
        , "voz": "II"
        }}
        ,
    
        {"nome": "Percussão",
         "partitura": {
            "path": "TheWitchAndTheSaint-percussao3.pdf"
        , "voz": "III"
        }}
        ,
    
        {"nome": "Sax Alto",
         "partitura": {
            "path": "TheWitchAndTheSaint-saxA1.pdf"
        , "voz": "I"
        }}
        ,
    
        {"nome": "Sax Alto",
         "partitura": {
            "path": "TheWitchAndTheSaint-saxA2.pdf"
        , "voz": "II"
        }}
        ,
    
        {"nome": "Sax Barítono",
         "partitura": {
            "path": "TheWitchAndTheSaint-saxB.pdf"
        
        }}
        ,
    
        {"nome": "Sax Tenor",
         "partitura": {
            "path": "TheWitchAndTheSaint-saxT.pdf"
        
        }}
        ,
    
        {"nome": "Tímpanos",
         "partitura": {
            "path": "TheWitchAndTheSaint-timpanos.pdf"
        
        }}
        ,
    
        {"nome": "Trombone",
         "partitura": {
            "path": "TheWitchAndTheSaint-trombone1.pdf"
        , "voz": "I"
        }}
        ,
    
        {"nome": "Trombone",
         "partitura": {
            "path": "TheWitchAndTheSaint-trombone2.pdf"
        , "voz": "II"
        }}
        ,
    
        {"nome": "Trombone",
         "partitura": {
            "path": "TheWitchAndTheSaint-trombone3.pdf"
        , "voz": "III"
        }}
        ,
    
        {"nome": "Trompa",
         "partitura": {
            "path": "TheWitchAndTheSaint-trompa1.pdf"
        , "voz": "I"
        }}
        ,
    
        {"nome": "Trompa",
         "partitura": {
            "path": "TheWitchAndTheSaint-trompa2.pdf"
        , "voz": "II"
        }}
        ,
    
        {"nome": "Trompete",
         "partitura": {
            "path": "TheWitchAndTheSaint-trompete1.pdf"
        , "voz": "I"
        }}
        ,
    
        {"nome": "Trompete",
         "partitura": {
            "path": "TheWitchAndTheSaint-trompete2.pdf"
        , "voz": "II"
        }}
        ,
    
        {"nome": "Trompete",
         "partitura": {
            "path": "TheWitchAndTheSaint-trompete3.pdf"
        , "voz": "III"
        }}
        ,
    
        {"nome": "Tuba",
         "partitura": {
            "path": "TheWitchAndTheSaint-tuba-sol-sib.pdf"
        , "clave": "Sol", "afinacao": "Sib"
        }}
        ,
    
        {"nome": "Tuba",
         "partitura": {
            "path": "TheWitchAndTheSaint-tuba-fa-do.pdf"
        , "clave": "Fá", "afinacao": "Dó"
        }}
        
  ]
    
}
    