
        {
        "_id": "m115",
        
            "pasta": "PresidenteAntonioConde",
        
  
        "titulo": "Presidente António Conde",
    
  
        "tipo": "Marcha de Desfile",
    
  
        "compositor": "Carlos Marques",
    
  
        "instrumentos": [
    
        {"nome": "Bombo",
         "partitura": {
            "path": "PresidenteAntonioConde-bombo-pratos.pdf"
        
        }}
        , 
    
        {"nome": "Pratos",
         "partitura": {
            "path": "PresidenteAntonioConde-bombo-pratos.pdf"
        
        }}
        , 
    
        {"nome": "Caixa",
         "partitura": {
            "path": "PresidenteAntonioConde-caixa.pdf"
        
        }}
        ,
    
        {"nome": "Clarinete",
         "partitura": {
            "path": "PresidenteAntonioConde-clarinete1.pdf"
        , "voz": "I"
        }}
        ,
    
        {"nome": "Clarinete",
         "partitura": {
            "path": "PresidenteAntonioConde-clarinete2.pdf"
        , "voz": "II"
        }}
        ,
    
        {"nome": "Clarinete",
         "partitura": {
            "path": "PresidenteAntonioConde-clarinete3.pdf"
        , "voz": "III"
        }}
        ,  
    
        {"nome": "Eufónio",
         "partitura": {
            "path": "PresidenteAntonioConde-eufonio-fa-do.pdf"
        , "clave": "Fá", "afinacao": "Dó"
        }}
        ,
    
        {"nome": "Eufónio",
         "partitura": {
            "path": "PresidenteAntonioConde-eufonio-fa-sib.pdf"
        , "clave": "Fá", "afinacao": "Sib"
        }}
        ,
    
        {"nome": "Flauta",
         "partitura": {
            "path": "PresidenteAntonioConde-flauta.pdf"
        
        }}
        ,
    
        {"nome": "Flautim",
         "partitura": {
            "path": "PresidenteAntonioConde-flautim.pdf"
        
        }}
        ,
    
        {"nome": "Maestro",
         "partitura": {
            "path": "PresidenteAntonioConde-maestro.pdf"
        
        }}
        ,
    
        {"nome": "Requinta",
         "partitura": {
            "path": "PresidenteAntonioConde-requinta.pdf"
        
        }}
        ,
    
        {"nome": "Sax Alto",
         "partitura": {
            "path": "PresidenteAntonioConde-saxA.pdf"
        
        }}
        ,
    
        {"nome": "Sax Barítono",
         "partitura": {
            "path": "PresidenteAntonioConde-saxB.pdf"
        
        }}
        ,
    
        {"nome": "Sax Soprano",
         "partitura": {
            "path": "PresidenteAntonioConde-saxS.pdf"
        
        }}
        ,
    
        {"nome": "Sax Tenor",
         "partitura": {
            "path": "PresidenteAntonioConde-saxT.pdf"
        
        }}
        ,
    
        {"nome": "Trombone",
         "partitura": {
            "path": "PresidenteAntonioConde-trombone1.pdf"
        , "voz": "I"
        }}
        ,
    
        {"nome": "Trombone",
         "partitura": {
            "path": "PresidenteAntonioConde-trombone2.pdf"
        , "voz": "II"
        }}
        ,
    
        {"nome": "Trombone",
         "partitura": {
            "path": "PresidenteAntonioConde-trombone3.pdf"
        , "voz": "III"
        }}
        ,  
    
        {"nome": "Trompa",
         "partitura": {
            "path": "PresidenteAntonioConde-trompa1.pdf"
        , "voz": "I"
        }}
        ,
    
        {"nome": "Trompa",
         "partitura": {
            "path": "PresidenteAntonioConde-trompa2.pdf"
        , "voz": "II"
        }}
        ,
    
        {"nome": "Trompa",
         "partitura": {
            "path": "PresidenteAntonioConde-trompa1-mib.pdf"
        , "voz": "I", "afinacao": "Mib"
        }}
        ,
    
        {"nome": "Trompa",
         "partitura": {
            "path": "PresidenteAntonioConde-trompa2-mib.pdf"
        , "voz": "II", "afinacao": "Mib"
        }}
        ,
    
        {"nome": "Trompete",
         "partitura": {
            "path": "PresidenteAntonioConde-trompete1.pdf"
        , "voz": "I"
        }}
        ,
    
        {"nome": "Trompete",
         "partitura": {
            "path": "PresidenteAntonioConde-trompete2.pdf"
        , "voz": "II"
        }}
        ,
    
        {"nome": "Trompete",
         "partitura": {
            "path": "PresidenteAntonioConde-trompete3.pdf"
        , "voz": "III"
        }}
        ,
    
        {"nome": "Tuba",
         "partitura": {
            "path": "PresidenteAntonioConde-tuba-sol-sib.pdf"
        , "clave": "Sol", "afinacao": "Sib"
        }}
        
  ]
    
}
    