
        {
        "_id": "m12",
        
            "pasta": "SBento",
        
      
        "titulo": "São Bento",
    
      
        "tipo": "Marcha de Procissão",
    
      
        "compositor": "Valdemar Sequeira",
    
      
        "instrumentos": [
         
        {"nome": "All",
         "partitura": {
            "path": "SBento-all.pdf"
        
        }}
        ,
         
        {"nome": "Bombo",
         "partitura": {
            "path": "SBento-bombo-pratos-caixa.pdf"
        
        }}
        ,
         
        {"nome": "Pratos",
         "partitura": {
            "path": "SBento-bombo-pratos-caixa.pdf"
        
        }}
        ,
         
        {"nome": "Caixa",
         "partitura": {
            "path": "SBento-bombo-pratos-caixa.pdf"
        
        }}
        ,
         
        {"nome": "Bombo",
         "partitura": {
            "path": "SBento-bombo-pratos-XL.pdf"
        , "voz": "XL"
        }}
        ,
         
        {"nome": "Pratos",
         "partitura": {
            "path": "SBento-bombo-pratos-XL.pdf"
        , "voz": "XL"
        }}
        ,
         
        {"nome": "Clarinete",
         "partitura": {
            "path": "SBento-clarinete2-3.pdf"
        , "voz": "II"
        }}
        ,
         
        {"nome": "Clarinete",
         "partitura": {
            "path": "SBento-clarinete2-3.pdf"
        , "voz": "III"
        }}
        ,
         
        {"nome": "Eufónio",
         "partitura": {
            "path": "SBento-eufonio.pdf"
        
        }}
        ,
         
        {"nome": "Flauta",
         "partitura": {
            "path": "SBento-flauta-clarinete1.pdf"
        
        }}
        ,
         
        {"nome": "Clarinete",
         "partitura": {
            "path": "SBento-flauta-clarinete1.pdf"
        , "voz": "I"
        }}
        ,
         
        {"nome": "Requinta",
         "partitura": {
            "path": "SBento-requinta-trompete3.pdf"
        
        }}
        ,
         
        {"nome": "Trompete",
         "partitura": {
            "path": "SBento-requinta-trompete3.pdf"
        , "voz": "III"
        }}
        ,
         
        {"nome": "Sax Alto",
         "partitura": {
            "path": "SBento-saxA-saxS.pdf"
        
        }}
        ,
         
        {"nome": "Sax Soprano",
         "partitura": {
            "path": "SBento-saxA-saxS.pdf"
        
        }}
        ,
         
        {"nome": "Sax Barítono",
         "partitura": {
            "path": "SBento-saxB-saxT.pdf"
        
        }}
        ,
         
        {"nome": "Sax Tenor",
         "partitura": {
            "path": "SBento-saxB-saxT.pdf"
        
        }}
        ,
         
        {"nome": "Trombone",
         "partitura": {
            "path": "SBento-trombone1.pdf"
        , "voz": "I"
        }}
        ,
         
        {"nome": "Trombone",
         "partitura": {
            "path": "SBento-trombone1-sol.pdf"
        , "voz": "I", "clave": "Sol"
        }}
        ,
         
        {"nome": "Trombone",
         "partitura": {
            "path": "SBento-trombone2-3.pdf"
        , "voz": "II"
        }}
        ,
         
        {"nome": "Trombone",
         "partitura": {
            "path": "SBento-trombone2-3.pdf"
        , "voz": "III"
        }}
        ,
         
        {"nome": "Trombone",
         "partitura": {
            "path": "SBento-trombone2-sol.pdf"
        , "voz": "II", "clave": "Sol"
        }}
        ,
         
        {"nome": "Trombone",
         "partitura": {
            "path": "SBento-trombone3-sol.pdf"
        , "voz": "III", "clave": "Sol"
        }}
        ,
         
        {"nome": "Trompa",
         "partitura": {
            "path": "SBento-trompa2.pdf"
        , "voz": "II"
        }}
        ,
         
        {"nome": "Trompete",
         "partitura": {
            "path": "SBento-trompa1-2.pdf"
        , "voz": "I"
        }}
        ,
         
        {"nome": "Trompete",
         "partitura": {
            "path": "SBento-trompa1-2.pdf"
        , "voz": "II"
        }}
        ,
         
        {"nome": "Tuba",
         "partitura": {
            "path": "SBento-tuba-contrabaixo.pdf"
        
        }}
        ,
         
        {"nome": "Contrabaixo",
         "partitura": {
            "path": "SBento-tuba-contrabaixo.pdf"
        
        }}
        
      ]
    
   }
    