
        {
        "_id": "m122",
        
            "pasta": "SuiteNatal",
        
  
        "titulo": "Suite de Natal",
    
  
        "tipo": "Obras Natalícias",
    
  
        "arranjo": "Afonso Alves",
    
  
        "instrumentos": [
    
        {"nome": "Acordeão",
         "partitura": {
            "path": "SuiteNatal-acordeao-baixo-guitarra-orgao.pdf"
        
        }}
        ,
    
        {"nome": "Baixo",
         "partitura": {
            "path": "SuiteNatal-acordeao-baixo-guitarra-orgao.pdf"
        
        }}
        ,
    
        {"nome": "Guitarra",
         "partitura": {
            "path": "SuiteNatal-acordeao-baixo-guitarra-orgao.pdf"
        
        }}
        ,
    
        {"nome": "Orgão",
         "partitura": {
            "path": "SuiteNatal-acordeao-baixo-guitarra-orgao.pdf"
        
        }}
        ,
    
        {"nome": "Bombo",
         "partitura": {
            "path": "SuiteNatal-bombo-pratos.pdf"
        
        }}
        , 
    
        {"nome": "Pratos",
         "partitura": {
            "path": "SuiteNatal-bombo-pratos.pdf"
        
        }}
        , 
    
        {"nome": "Baixo",
         "partitura": {
            "path": "SuiteNatal-baixo.pdf"
        
        }}
        ,
    
        {"nome": "Clarinete",
         "partitura": {
            "path": "SuiteNatal-clarinete1.pdf"
        , "voz": "I"
        }}
        ,
    
        {"nome": "Clarinete",
         "partitura": {
            "path": "SuiteNatal-clarinete2.pdf"
        , "voz": "II"
        }}
        ,
    
        {"nome": "Clarinete",
         "partitura": {
            "path": "SuiteNatal-clarinete3.pdf"
        , "voz": "III"
        }}
        , 
    
        {"nome": "Contrabaixo",
         "partitura": {
            "path": "SuiteNatal-contrabaixo.pdf"
        
        }}
        ,
    
        {"nome": "Eufónio",
         "partitura": {
            "path": "SuiteNatal-eufonio-fa-do.pdf"
        , "clave": "Fá", "afinacao": "Dó"
        }}
        ,
    
        {"nome": "Eufónio",
         "partitura": {
            "path": "SuiteNatal-eufonio-fa-sib.pdf"
        , "clave": "Fá", "afinacao": "Sib"
        }}
        ,
    
        {"nome": "Eufónio",
         "partitura": {
            "path": "SuiteNatal-eufonio-sol-do.pdf"
        , "clave": "Sol", "afinacao": "Dó"
        }}
        ,
    
        {"nome": "Eufónio",
         "partitura": {
            "path": "SuiteNatal-eufonio-sol-sib.pdf"
        , "clave": "Sol", "afinacao": "Sib"
        }}
        ,
    
        {"nome": "Fagote",
         "partitura": {
            "path": "SuiteNatal-fagote.pdf"
        
        }}
        ,
    
        {"nome": "Flauta",
         "partitura": {
            "path": "SuiteNatal-flauta.pdf"
        
        }}
        ,
    
        {"nome": "Maestro",
         "partitura": {
            "path": "SuiteNatal-maestro.pdf"
        
        }}
        ,
    
        {"nome": "Oboé",
         "partitura": {
            "path": "SuiteNatal-oboe.pdf"
        
        }}
        ,
    
        {"nome": "Percussão",
         "partitura": {
            "path": "SuiteNatal-percussao.pdf"
        
        }}
        ,
    
        {"nome": "Requinta",
         "partitura": {
            "path": "SuiteNatal-requinta.pdf"
        
        }}
        ,
    
        {"nome": "Sax Alto",
         "partitura": {
            "path": "SuiteNatal-saxA.pdf"
        
        }}
        ,
    
        {"nome": "Sax Soprano",
         "partitura": {
            "path": "SuiteNatal-saxS.pdf"
        
        }}
        ,
    
        {"nome": "Sax Barítono",
         "partitura": {
            "path": "SuiteNatal-saxB.pdf"
        
        }}
        ,
    
        {"nome": "Sax Tenor",
         "partitura": {
            "path": "SuiteNatal-saxT.pdf"
        
        }}
        ,
    
        {"nome": "Trombone",
         "partitura": {
            "path": "SuiteNatal-trombone1-fa-do.pdf"
        , "voz": "I", "clave": "Fá", "afinacao": "Dó"
        }}
        ,
    
        {"nome": "Trombone",
         "partitura": {
            "path": "SuiteNatal-trombone2-fa-do.pdf"
        , "voz": "II", "clave": "Fá", "afinacao": "Dó"
        }}
        ,
    
        {"nome": "Trombone",
         "partitura": {
            "path": "SuiteNatal-trombone3-fa-do.pdf"
        , "voz": "III", "clave": "Fá", "afinacao": "Dó"
        }}
        ,
    
        {"nome": "Trombone",
         "partitura": {
            "path": "SuiteNatal-trombone1-fa-sib.pdf"
        , "voz": "I", "clave": "Fá", "afinacao": "Sib"
        }}
        ,
    
        {"nome": "Trombone",
         "partitura": {
            "path": "SuiteNatal-trombone2-fa-sib.pdf"
        , "voz": "II", "clave": "Fá", "afinacao": "Sib"
        }}
        ,
    
        {"nome": "Trombone",
         "partitura": {
            "path": "SuiteNatal-trombone3-fa-sib.pdf"
        , "voz": "III", "clave": "Fá", "afinacao": "Sib"
        }}
        ,
    
        {"nome": "Trombone",
         "partitura": {
            "path": "SuiteNatal-trombone1-sol-do.pdf"
        , "voz": "I", "clave": "Sol", "afinacao": "Dó"
        }}
        ,  
    
        {"nome": "Trombone",
         "partitura": {
            "path": "SuiteNatal-trombone2-sol-do.pdf"
        , "voz": "II", "clave": "Sol", "afinacao": "Dó"
        }}
        ,
    
        {"nome": "Trombone",
         "partitura": {
            "path": "SuiteNatal-trombone3-sol-do.pdf"
        , "voz": "III", "clave": "Sol", "afinacao": "Dó"
        }}
        ,
    
        {"nome": "Trombone",
         "partitura": {
            "path": "SuiteNatal-trombone1-sol-sib.pdf"
        , "voz": "I", "clave": "Sol", "afinacao": "Sib"
        }}
        , 
    
        {"nome": "Trombone",
         "partitura": {
            "path": "SuiteNatal-trombone2-sol-sib.pdf"
        , "voz": "II", "clave": "Sol", "afinacao": "Sib"
        }}
        ,
    
        {"nome": "Trombone",
         "partitura": {
            "path": "SuiteNatal-trombone3-sol-sib.pdf"
        , "voz": "III", "clave": "Sol", "afinacao": "Sib"
        }}
        ,
    
        {"nome": "Trompa",
         "partitura": {
            "path": "SuiteNatal-trompa.pdf"
        
        }}
        ,
    
        {"nome": "Trompa",
         "partitura": {
            "path": "SuiteNatal-trompa-sib.pdf"
        , "afinacao": "Sib"
        }}
        ,
    
        {"nome": "Trompa",
         "partitura": {
            "path": "SuiteNatal-trompa-mib.pdf"
        , "afinacao": "Mib"
        }}
        ,
    
        {"nome": "Trompete",
         "partitura": {
            "path": "SuiteNatal-trompete1.pdf"
        , "voz": "I"
        }}
        ,
    
        {"nome": "Trompete",
         "partitura": {
            "path": "SuiteNatal-trompete2.pdf"
        , "voz": "II"
        }}
        ,
    
        {"nome": "Trompete",
         "partitura": {
            "path": "SuiteNatal-trompete3.pdf"
        , "voz": "III"
        }}
        ,
    
        {"nome": "Tuba",
         "partitura": {
            "path": "SuiteNatal-tuba-fa-do.pdf"
        , "clave": "Fá", "afinacao": "Dó"
        }}
        ,
    
        {"nome": "Tuba",
         "partitura": {
            "path": "SuiteNatal-tuba-fa-sib.pdf"
        , "clave": "Fá", "afinacao": "Sib"
        }}
        ,
    
        {"nome": "Tuba",
         "partitura": {
            "path": "SuiteNatal-tuba-sol-sib.pdf"
        , "clave": "Sol", "afinacao": "Sib"
        }}
        ,
    
        {"nome": "Tuba",
         "partitura": {
            "path": "SuiteNatal-tuba-sol-do.pdf"
        , "clave": "Sol", "afinacao": "Dó"
        }}
        
  ]
    
}
    