
        {
        "_id": "m127",
        
            "pasta": "GrandMarch",
        
  
        "titulo": "Grand March",
    
  
        "tipo": "Obras Natalícias",
    
  
        "compositor": "Soichi Konagaya",
    
  
        "instrumentos": [
    
        {"nome": "Baixo Elétrico",
         "partitura": {
            "path": "GrandMarch-baixo-eletrico.pdf"
        
        }}
        ,
    
        {"nome": "Clarinete Alto",
         "partitura": {
            "path": "GrandMarch-clarinete-alto.pdf"
        
        }}
        ,
    
        {"nome": "Clarinete Baixo",
         "partitura": {
            "path": "GrandMarch-clarinete-baixo.pdf"
        
        }}
        ,
    
        {"nome": "Clarinete",
         "partitura": {
            "path": "GrandMarch-clarinete1.pdf"
        , "voz": "I"
        }}
        ,
    
        {"nome": "Clarinete",
         "partitura": {
            "path": "GrandMarch-clarinete2.pdf"
        , "voz": "II"
        }}
        ,
    
        {"nome": "Clarinete",
         "partitura": {
            "path": "GrandMarch-clarinete3.pdf"
        , "voz": "III"
        }}
        , 
    
        {"nome": "Contrabaixo",
         "partitura": {
            "path": "GrandMarch-contrabaixo.pdf"
        
        }}
        ,
    
        {"nome": "Eufónio",
         "partitura": {
            "path": "GrandMarch-eufonio-fa-do.pdf"
        , "clave": "Fá", "afinacao": "Dó"
        }}
        ,
    
        {"nome": "Eufónio",
         "partitura": {
            "path": "GrandMarch-eufonio-fa-sib.pdf"
        , "clave": "Fá", "afinacao": "Sib"
        }}
        ,
    
        {"nome": "Eufónio",
         "partitura": {
            "path": "GrandMarch-eufonio-sol-sib.pdf"
        , "clave": "Sol", "afinacao": "Sib"
        }}
        ,
    
        {"nome": "Fagote",
         "partitura": {
            "path": "GrandMarch-fagote.pdf"
        
        }}
        ,
    
        {"nome": "Flauta",
         "partitura": {
            "path": "GrandMarch-flauta1.pdf"
        , "voz": "I"
        }}
        ,
    
        {"nome": "Flauta",
         "partitura": {
            "path": "GrandMarch-flauta2.pdf"
        , "voz": "II"
        }}
        ,
    
        {"nome": "Maestro",
         "partitura": {
            "path": "GrandMarch-maestro.pdf"
        
        }}
        ,
    
        {"nome": "Oboé",
         "partitura": {
            "path": "GrandMarch-oboe.pdf"
        
        }}
        ,
    
        {"nome": "Percussão",
         "partitura": {
            "path": "GrandMarch-percussao1.pdf"
        , "voz": "I"
        }}
        ,
    
        {"nome": "Percussão",
         "partitura": {
            "path": "GrandMarch-percussao2.pdf"
        , "voz": "II"
        }}
        ,
    
        {"nome": "Percussão",
         "partitura": {
            "path": "GrandMarch-percussao3.pdf"
        , "voz": "III"
        }}
        ,
    
        {"nome": "Percussão",
         "partitura": {
            "path": "GrandMarch-percussao4.pdf"
        , "voz": "IV"
        }}
        ,
    
        {"nome": "Sax Alto",
         "partitura": {
            "path": "GrandMarch-saxA1.pdf"
        , "voz": "I"
        }}
        ,
    
        {"nome": "Sax Alto",
         "partitura": {
            "path": "GrandMarch-saxA2.pdf"
        , "voz": "II"
        }}
        ,
    
        {"nome": "Sax Barítono",
         "partitura": {
            "path": "GrandMarch-saxB.pdf"
        
        }}
        ,
    
        {"nome": "Sax Tenor",
         "partitura": {
            "path": "GrandMarch-saxT.pdf"
        
        }}
        ,
    
        {"nome": "Tímpanos",
         "partitura": {
            "path": "GrandMarch-timpanos.pdf"
        
        }}
        ,
    
        {"nome": "Trombone",
         "partitura": {
            "path": "GrandMarch-trombone1.pdf"
        , "voz": "I"
        }}
        ,
    
        {"nome": "Trombone",
         "partitura": {
            "path": "GrandMarch-trombone2.pdf"
        , "voz": "II"
        }}
        ,
    
        {"nome": "Trombone",
         "partitura": {
            "path": "GrandMarch-trombone3.pdf"
        , "voz": "III"
        }}
        ,
    
        {"nome": "Trombone Baixo",
         "partitura": {
            "path": "GrandMarch-trombone-baixo.pdf"
        
        }}
        ,
    
        {"nome": "Trompa",
         "partitura": {
            "path": "GrandMarch-trompa1.pdf"
        , "voz": "I"
        }}
        ,
    
        {"nome": "Trompa",
         "partitura": {
            "path": "GrandMarch-trompa3.pdf"
        , "voz": "III"
        }}
        ,
    
        {"nome": "Trompa",
         "partitura": {
            "path": "GrandMarch-trompa4.pdf"
        , "voz": "IV"
        }}
        ,
    
        {"nome": "Trompete",
         "partitura": {
            "path": "GrandMarch-trompete1.pdf"
        , "voz": "I"
        }}
        ,
    
        {"nome": "Trompete",
         "partitura": {
            "path": "GrandMarch-trompete2.pdf"
        , "voz": "II"
        }}
        ,
    
        {"nome": "Trompete",
         "partitura": {
            "path": "GrandMarch-trompete3.pdf"
        , "voz": "III"
        }}
        ,
    
        {"nome": "Trompete",
         "partitura": {
            "path": "GrandMarch-trompete4.pdf"
        , "voz": "IV"
        }}
        ,
    
        {"nome": "Tuba",
         "partitura": {
            "path": "GrandMarch-tuba-fa.pdf"
        , "clave": "Fá"
        }}
        ,
    
        {"nome": "Tuba",
         "partitura": {
            "path": "GrandMarch-tuba-sol.pdf"
        , "clave": "Sol"
        }}
        
  ]
    
}
    