
        {
        "_id": "m128",
        
            "pasta": "HinoVilaVerde",
        
  
        "titulo": "Hino de Vila Verde",
    
  
        "tipo": "Marcha de Desfile",
    
  
        "compositor": "António Augusto Costa",
    
  
        "arranjo": "Nuno Osório",
    
  
        "instrumentos": [
    
        {"nome": "Bombo",
         "partitura": {
            "path": "HinoVilaVerde-bombo-pratos.pdf"
        
        }}
        ,
    
        {"nome": "Pratos",
         "partitura": {
            "path": "HinoVilaVerde-bombo-pratos.pdf"
        
        }}
        ,
    
        {"nome": "Clarinete",
         "partitura": {
            "path": "HinoVilaVerde-clarinete1.pdf"
        , "voz": "I"
        }}
        ,
    
        {"nome": "Clarinete",
         "partitura": {
            "path": "HinoVilaVerde-clarinete2.pdf"
        , "voz": "II"
        }}
        ,
    
        {"nome": "Clarinete",
         "partitura": {
            "path": "HinoVilaVerde-clarinete3.pdf"
        , "voz": "III"
        }}
        , 
    
        {"nome": "Contrabaixo",
         "partitura": {
            "path": "HinoVilaVerde-contrabaixo.pdf"
        
        }}
        ,
    
        {"nome": "Eufónio",
         "partitura": {
            "path": "HinoVilaVerde-eufonio-fa-do.pdf"
        , "clave": "Fá", "afinacao": "Dó"
        }}
        ,
    
        {"nome": "Eufónio",
         "partitura": {
            "path": "HinoVilaVerde-eufonio-fa-sib.pdf"
        , "clave": "Fá", "afinacao": "Sib"
        }}
        ,
    
        {"nome": "Eufónio",
         "partitura": {
            "path": "HinoVilaVerde-eufonio-sol-sib.pdf"
        , "clave": "Sol", "afinacao": "Sib"
        }}
        ,
    
        {"nome": "Fagote",
         "partitura": {
            "path": "HinoVilaVerde-fagote.pdf"
        
        }}
        ,
    
        {"nome": "Flauta",
         "partitura": {
            "path": "HinoVilaVerde-flauta.pdf"
        
        }}
        ,
    
        {"nome": "Flautim",
         "partitura": {
            "path": "HinoVilaVerde-flautim.pdf"
        
        }}
        ,
    
        {"nome": "Maestro",
         "partitura": {
            "path": "HinoVilaVerde-maestro.pdf"
        
        }}
        ,
    
        {"nome": "Sax Alto",
         "partitura": {
            "path": "HinoVilaVerde-saxA.pdf"
        
        }}
        ,
    
        {"nome": "Sax Tenor",
         "partitura": {
            "path": "HinoVilaVerde-saxT.pdf"
        
        }}
        ,
    
        {"nome": "Tímpanos",
         "partitura": {
            "path": "HinoVilaVerde-timpanos.pdf"
        
        }}
        ,
    
        {"nome": "Trombone",
         "partitura": {
            "path": "HinoVilaVerde-trombone1.pdf"
        , "voz": "I"
        }}
        ,
    
        {"nome": "Trombone",
         "partitura": {
            "path": "HinoVilaVerde-trombone2.pdf"
        , "voz": "II"
        }}
        ,
    
        {"nome": "Trombone Baixo",
         "partitura": {
            "path": "HinoVilaVerde-trombone-baixo.pdf"
        
        }}
        ,
    
        {"nome": "Trompa",
         "partitura": {
            "path": "HinoVilaVerde-trompa1.pdf"
        , "voz": "I"
        }}
        ,
    
        {"nome": "Trompa",
         "partitura": {
            "path": "HinoVilaVerde-trompa2.pdf"
        , "voz": "II"
        }}
        ,
    
        {"nome": "Trompa",
         "partitura": {
            "path": "HinoVilaVerde-trompa3.pdf"
        , "voz": "III"
        }}
        ,
    
        {"nome": "Trompete",
         "partitura": {
            "path": "HinoVilaVerde-trompete1.pdf"
        , "voz": "I"
        }}
        ,
    
        {"nome": "Trompete",
         "partitura": {
            "path": "HinoVilaVerde-trompete2.pdf"
        , "voz": "II"
        }}
        ,
    
        {"nome": "Trompete",
         "partitura": {
            "path": "HinoVilaVerde-trompete3.pdf"
        , "voz": "III"
        }}
        ,
    
        {"nome": "Tuba",
         "partitura": {
            "path": "HinoVilaVerde-tuba-fa-do.pdf"
        , "clave": "Fá", "afinacao": "Dó"
        }}
        ,
    
        {"nome": "Tuba",
         "partitura": {
            "path": "HinoVilaVerde-tuba-sol-sib.pdf"
        , "clave": "Sol", "afinacao": "Sib"
        }}
        
  ]
    
}
    