
        {
        "_id": "m129",
        
            "pasta": "Hallelujah",
        
  
        "titulo": "Hallelujah",
    
  
        "tipo": "Obras Natalícias",
    
  
        "compositor": "Leonard Cohen",
    
  
        "arranjo": "Michael Brown",
    
  
        "instrumentos": [
    
        {"nome": "Baixo Elétrico",
         "partitura": {
            "path": "Hallelujah-baixo-eletrico.pdf"
        
        }}
        ,
    
        {"nome": "Clarinete Alto",
         "partitura": {
            "path": "Hallelujah-clarinete-alto.pdf"
        
        }}
        ,
    
        {"nome": "Clarinete Baixo",
         "partitura": {
            "path": "Hallelujah-clarinete-baixo.pdf"
        
        }}
        ,
    
        {"nome": "Clarinete",
         "partitura": {
            "path": "Hallelujah-clarinete1.pdf"
        , "voz": "I"
        }}
        ,
    
        {"nome": "Clarinete",
         "partitura": {
            "path": "Hallelujah-clarinete2.pdf"
        , "voz": "II"
        }}
        ,
    
        {"nome": "Clarinete",
         "partitura": {
            "path": "Hallelujah-clarinete3.pdf"
        , "voz": "III"
        }}
        , 
    
        {"nome": "Eufónio",
         "partitura": {
            "path": "Hallelujah-eufonio-fa.pdf"
        , "clave": "Fá"
        }}
        ,
    
        {"nome": "Eufónio",
         "partitura": {
            "path": "Hallelujah-eufonio-sol.pdf"
        , "clave": "Fá"
        }}
        ,
    
        {"nome": "Fagote",
         "partitura": {
            "path": "Hallelujah-fagote.pdf"
        
        }}
        ,
    
        {"nome": "Flauta",
         "partitura": {
            "path": "Hallelujah-flauta.pdf"
        
        }}
        ,
    
        {"nome": "Flautim",
         "partitura": {
            "path": "Hallelujah-flautim.pdf"
        
        }}
        ,
    
        {"nome": "Maestro",
         "partitura": {
            "path": "Hallelujah-maestro.pdf"
        
        }}
        ,
    
        {"nome": "Oboé",
         "partitura": {
            "path": "Hallelujah-oboe.pdf"
        
        }}
        ,
    
        {"nome": "Percussão",
         "partitura": {
            "path": "Hallelujah-percussao1.pdf"
        , "voz": "I"
        }}
        ,
    
        {"nome": "Percussão",
         "partitura": {
            "path": "Hallelujah-percussao2.pdf"
        , "voz": "II"
        }}
        ,
    
        {"nome": "Sax Alto",
         "partitura": {
            "path": "Hallelujah-saxA1.pdf"
        , "voz": "I"
        }}
        ,
    
        {"nome": "Sax Alto",
         "partitura": {
            "path": "Hallelujah-saxA2.pdf"
        , "voz": "II"
        }}
        ,
    
        {"nome": "Sax Barítono",
         "partitura": {
            "path": "Hallelujah-saxB.pdf"
        
        }}
        ,
    
        {"nome": "Sax Tenor",
         "partitura": {
            "path": "Hallelujah-saxT.pdf"
        
        }}
        ,
    
        {"nome": "Tímpanos",
         "partitura": {
            "path": "Hallelujah-timpanos.pdf"
        
        }}
        ,
    
        {"nome": "Trombone",
         "partitura": {
            "path": "Hallelujah-trombone1.pdf"
        , "voz": "I"
        }}
        ,
    
        {"nome": "Trombone",
         "partitura": {
            "path": "Hallelujah-trombone2.pdf"
        , "voz": "II"
        }}
        ,
    
        {"nome": "Trompa",
         "partitura": {
            "path": "Hallelujah-trompa1.pdf"
        , "voz": "I"
        }}
        ,
    
        {"nome": "Trompa",
         "partitura": {
            "path": "Hallelujah-trompa2.pdf"
        , "voz": "II"
        }}
        ,
    
        {"nome": "Trompete",
         "partitura": {
            "path": "Hallelujah-trompete1.pdf"
        , "voz": "I"
        }}
        ,
    
        {"nome": "Trompete",
         "partitura": {
            "path": "Hallelujah-trompete2.pdf"
        , "voz": "II"
        }}
        ,
    
        {"nome": "Trompete",
         "partitura": {
            "path": "Hallelujah-trompete3.pdf"
        , "voz": "III"
        }}
        ,
    
        {"nome": "Tuba",
         "partitura": {
            "path": "Hallelujah-tuba-fa.pdf"
        , "clave": "Fá"
        }}
        ,
    
        {"nome": "Xilofone",
         "partitura": {
            "path": "Hallelujah-xilofone.pdf"
        
        }}
        
  ]
    
}
    