
        {
        "_id": "m130",
        
            "pasta": "YouRaiseMeUp",
        
  
        "titulo": "You Raise Me Up",
    
  
        "tipo": "Obras Natalícias",
    
  
        "compositor": "Brendan Graham e Rolf Lovland",
    
  
        "arranjo": "John Wasson",
    
  
        "instrumentos": [
    
        {"nome": "Clarinete Baixo",
         "partitura": {
            "path": "YouRaiseMeUp-clarinete-baixo.pdf"
        
        }}
        ,
    
        {"nome": "Clarinete",
         "partitura": {
            "path": "YouRaiseMeUp-clarinete1.pdf"
        , "voz": "I"
        }}
        ,
    
        {"nome": "Clarinete",
         "partitura": {
            "path": "YouRaiseMeUp-clarinete2.pdf"
        , "voz": "II"
        }}
        ,
    
        {"nome": "Clarinete",
         "partitura": {
            "path": "YouRaiseMeUp-clarinete3.pdf"
        , "voz": "III"
        }}
        , 
    
        {"nome": "Eufónio",
         "partitura": {
            "path": "YouRaiseMeUp-eufonio-fa.pdf"
        , "clave": "Fá"
        }}
        ,
    
        {"nome": "Eufónio",
         "partitura": {
            "path": "YouRaiseMeUp-eufonio-sol.pdf"
        , "clave": "Fá"
        }}
        ,
    
        {"nome": "Fagote",
         "partitura": {
            "path": "YouRaiseMeUp-fagote.pdf"
        
        }}
        ,
    
        {"nome": "Flauta",
         "partitura": {
            "path": "YouRaiseMeUp-flauta.pdf"
        
        }}
        ,
    
        {"nome": "Maestro",
         "partitura": {
            "path": "YouRaiseMeUp-maestro.pdf"
        
        }}
        ,
    
        {"nome": "Oboé",
         "partitura": {
            "path": "YouRaiseMeUp-oboe.pdf"
        
        }}
        ,
    
        {"nome": "Percussão",
         "partitura": {
            "path": "YouRaiseMeUp-percussao1.pdf"
        , "voz": "I"
        }}
        ,
    
        {"nome": "Percussão",
         "partitura": {
            "path": "YouRaiseMeUp-percussao2.pdf"
        , "voz": "II"
        }}
        ,
    
        {"nome": "Sax Alto",
         "partitura": {
            "path": "YouRaiseMeUp-saxA1.pdf"
        , "voz": "I"
        }}
        ,
    
        {"nome": "Sax Alto",
         "partitura": {
            "path": "YouRaiseMeUp-saxA2.pdf"
        , "voz": "II"
        }}
        ,
    
        {"nome": "Sax Tenor",
         "partitura": {
            "path": "YouRaiseMeUp-saxT.pdf"
        
        }}
        ,
    
        {"nome": "Tímpanos",
         "partitura": {
            "path": "YouRaiseMeUp-timpanos.pdf"
        
        }}
        ,
    
        {"nome": "Trombone",
         "partitura": {
            "path": "YouRaiseMeUp-trombone1.pdf"
        , "voz": "I"
        }}
        ,
    
        {"nome": "Trombone",
         "partitura": {
            "path": "YouRaiseMeUp-trombone2.pdf"
        , "voz": "II"
        }}
        ,
    
        {"nome": "Trompa",
         "partitura": {
            "path": "YouRaiseMeUp-trompa1.pdf"
        , "voz": "I"
        }}
        ,
    
        {"nome": "Trompa",
         "partitura": {
            "path": "YouRaiseMeUp-trompa2.pdf"
        , "voz": "II"
        }}
        ,
    
        {"nome": "Trompete",
         "partitura": {
            "path": "YouRaiseMeUp-trompete1.pdf"
        , "voz": "I"
        }}
        ,
    
        {"nome": "Trompete",
         "partitura": {
            "path": "YouRaiseMeUp-trompete2.pdf"
        , "voz": "II"
        }}
        ,
    
        {"nome": "Trompete",
         "partitura": {
            "path": "YouRaiseMeUp-trompete3.pdf"
        , "voz": "III"
        }}
        ,
    
        {"nome": "Tuba",
         "partitura": {
            "path": "YouRaiseMeUp-tuba.pdf"
        
        }}
        ,
    
        {"nome": "Xilofone",
         "partitura": {
            "path": "YouRaiseMeUp-xilofone.pdf"
        
        }}
        
  ]
    
}
    