
        {
        "_id": "m17",
        
            "pasta": "HomenagemVVerde",
        
      
        "titulo": "Homenagem a Vila Verde",
    
      
        "tipo": "Marcha de Desfile",
    
      
        "compositor": "Alexandre Teixeira Fonseca",
    
      
        "instrumentos": [
        
        {"nome": "Clarinete",
         "partitura": {
            "path": "HomenagemVVerde-clarinete1.pdf"
        , "voz": "I"
        }}
        ,
        
        {"nome": "Clarinete",
         "partitura": {
            "path": "HomenagemVVerde-clarinete2.pdf"
        , "voz": "II"
        }}
        ,
        
        {"nome": "Clarinete",
         "partitura": {
            "path": "HomenagemVVerde-clarinete3.pdf"
        , "voz": "III"
        }}
        ,
        
        {"nome": "Eufónio",
         "partitura": {
            "path": "HomenagemVVerde-eufonio-fa-do.pdf"
        , "clave": "Fá", "afinacao": "Dó"
        }}
        ,
        
        {"nome": "Eufónio",
         "partitura": {
            "path": "HomenagemVVerde-eufonio-fa-sib.pdf"
        , "clave": "Fá", "afinacao": "Sib"
        }}
        ,
        
        {"nome": "Eufónio",
         "partitura": {
            "path": "HomenagemVVerde-eufonio-sol-do.pdf"
        , "clave": "Sol", "afinacao": "Dó"
        }}
        ,
        
        {"nome": "Eufónio",
         "partitura": {
            "path": "HomenagemVVerde-eufonio-sol-sib.pdf"
        , "clave": "Sol", "afinacao": "Sib"
        }}
        ,
        
        {"nome": "Flauta",
         "partitura": {
            "path": "HomenagemVVerde-flauta.pdf"
        
        }}
        ,
        
        {"nome": "Oboé",
         "partitura": {
            "path": "HomenagemVVerde-oboe.pdf"
        
        }}
        ,
        
        {"nome": "Maestro",
         "partitura": {
            "path": "HomenagemVVerde-maestro.pdf"
        
        }}
        ,
        
        {"nome": "Percussão",
         "partitura": {
            "path": "HomenagemVVerde-percussao.pdf"
        
        }}
        ,
        
        {"nome": "Sax Alto",
         "partitura": {
            "path": "HomenagemVVerde-saxA.pdf"
        
        }}
        ,
         
        {"nome": "Sax Barítono",
         "partitura": {
            "path": "HomenagemVVerde-saxB.pdf"
        
        }}
        ,
        
        {"nome": "Sax Soprano",
         "partitura": {
            "path": "HomenagemVVerde-saxS.pdf"
        
        }}
        ,
        
        {"nome": "Sax Tenor",
         "partitura": {
            "path": "HomenagemVVerde-saxT.pdf"
        
        }}
        ,
        
        {"nome": "Trombone",
         "partitura": {
            "path": "HomenagemVVerde-trombone1.pdf"
        , "voz": "I"
        }}
        ,
        
        {"nome": "Trombone",
         "partitura": {
            "path": "HomenagemVVerde-trombone2.pdf"
        , "voz": "II"
        }}
        ,
        
        {"nome": "Trombone",
         "partitura": {
            "path": "HomenagemVVerde-trombone3.pdf"
        , "voz": "III"
        }}
        ,
        
        {"nome": "Trompa",
         "partitura": {
            "path": "HomenagemVVerde-trompa1.pdf"
        , "voz": "I"
        }}
        ,
        
        {"nome": "Trompa",
         "partitura": {
            "path": "HomenagemVVerde-trompa2.pdf"
        , "voz": "II"
        }}
        ,
        
        {"nome": "Trompa",
         "partitura": {
            "path": "HomenagemVVerde-trompa3.pdf"
        , "voz": "III"
        }}
        ,
        
        {"nome": "Trompete",
         "partitura": {
            "path": "HomenagemVVerde-trompete1.pdf"
        , "voz": "I"
        }}
        ,
        
        {"nome": "Trompete",
         "partitura": {
            "path": "HomenagemVVerde-trompete2.pdf"
        , "voz": "II"
        }}
        ,
        
        {"nome": "Trompete",
         "partitura": {
            "path": "HomenagemVVerde-trompete3.pdf"
        , "voz": "III"
        }}
        ,
        
        {"nome": "Tuba",
         "partitura": {
            "path": "HomenagemVVerde-tuba.pdf"
        
        }}
        
      ]
    
   }
    