
        {
        "_id": "m18",
        
            "pasta": "12Abril",
        
  
        "titulo": "12 de Abril",
    
  
        "tipo": "Marcha de Desfile",
    
  
        "compositor": "Alexandre Fonseca",
    
  
    
  
  
        "instrumentos": [
    
        {"nome": "Caixa",
         "partitura": {
            "path": "12Abril-caixa.pdf"
        
        }}
        ,
    
        {"nome": "Clarinete",
         "partitura": {
            "path": "12Abril-clarinete1.pdf"
        , "voz": "I"
        }}
        ,
    
        {"nome": "Clarinete",
         "partitura": {
            "path": "12Abril-clarinete2.pdf"
        , "voz": "II"
        }}
        ,
    
        {"nome": "Clarinete",
         "partitura": {
            "path": "12Abril-clarinete3.pdf"
        , "voz": "III"
        }}
        ,
    
        {"nome": "Contrabaixo",
         "partitura": {
            "path": "12Abril-contrabaixo.pdf"
        
        }}
        ,
    
        {"nome": "Eufónio",
         "partitura": {
            "path": "12Abril-eufonio-fa-do.pdf"
        , "clave": "Fá", "afinacao": "Dó"
        }}
        ,
    
        {"nome": "Eufónio",
         "partitura": {
            "path": "12Abril-eufonio-fa-sib.pdf"
        , "clave": "Fá", "afinacao": "Sib"
        }}
        ,
    
        {"nome": "Eufónio",
         "partitura": {
            "path": "12Abril-eufonio-sol-do.pdf"
        , "clave": "Sol", "afinacao": "Dó"
        }}
        ,
    
        {"nome": "Eufónio",
         "partitura": {
            "path": "12Abril-eufonio-sol-sib.pdf"
        , "clave": "Sol", "afinacao": "Sib"
        }}
        ,
    
        {"nome": "Flauta",
         "partitura": {
            "path": "12Abril-flauta.pdf"
        
        }}
        ,
    
        {"nome": "Requinta",
         "partitura": {
            "path": "12Abril-requinta.pdf"
        
        }}
        ,
    
        {"nome": "Sax Alto",
         "partitura": {
            "path": "12Abril-saxA.pdf"
        
        }}
        ,
    
        {"nome": "Sax Barítono",
         "partitura": {
            "path": "12Abril-saxB.pdf"
        
        }}
        ,
    
        {"nome": "Sax Soprano",
         "partitura": {
            "path": "12Abril-saxS.pdf"
        
        }}
        ,
    
        {"nome": "Sax Tenor",
         "partitura": {
            "path": "12Abril-saxT.pdf"
        
        }}
        ,
    
        {"nome": "Trombone",
         "partitura": {
            "path": "12Abril-trombone1-fa.pdf"
        , "voz": "I", "clave": "Fá"
        }}
        ,
    
        {"nome": "Trombone",
         "partitura": {
            "path": "12Abril-trombone1-sol.pdf"
        , "voz": "I", "clave": "Sol"
        }}
        ,
    
        {"nome": "Trombone",
         "partitura": {
            "path": "12Abril-trombone2-fa.pdf"
        , "voz": "II", "clave": "Fá"
        }}
        ,
    
        {"nome": "Trombone",
         "partitura": {
            "path": "12Abril-trombone2-sol.pdf"
        , "voz": "II", "clave": "Sol"
        }}
        ,
    
        {"nome": "Trombone",
         "partitura": {
            "path": "12Abril-trombone3-fa.pdf"
        , "voz": "III", "clave": "Fá"
        }}
        ,
    
        {"nome": "Trombone",
         "partitura": {
            "path": "12Abril-trombone3-sol.pdf"
        , "voz": "III", "clave": "Sol"
        }}
        ,
    
        {"nome": "Trompa",
         "partitura": {
            "path": "12Abril-trompa1.pdf"
        , "voz": "I"
        }}
        ,
    
        {"nome": "Trompa",
         "partitura": {
            "path": "12Abril-trompa2.pdf"
        , "voz": "II"
        }}
        ,
    
        {"nome": "Trompa",
         "partitura": {
            "path": "12Abril-trompa3.pdf"
        , "voz": "III"
        }}
        ,
    
        {"nome": "Trompa",
         "partitura": {
            "path": "12Abril-trompa1-mib.pdf"
        , "voz": "I", "afinacao": "Mib"
        }}
        ,
    
        {"nome": "Trompa",
         "partitura": {
            "path": "12Abril-trompa2-mib.pdf"
        , "voz": "II", "afinacao": "Mib"
        }}
        ,
    
        {"nome": "Trompa",
         "partitura": {
            "path": "12Abril-trompa3-mib.pdf"
        , "voz": "III", "afinacao": "Mib"
        }}
        ,
    
        {"nome": "Trompete",
         "partitura": {
            "path": "12Abril-trompete1.pdf"
        , "voz": "I"
        }}
        ,
    
        {"nome": "Trompete",
         "partitura": {
            "path": "12Abril-trompete2.pdf"
        , "voz": "II"
        }}
        ,
    
        {"nome": "Trompete",
         "partitura": {
            "path": "12Abril-trompete3.pdf"
        , "voz": "III"
        }}
        ,
    
        {"nome": "Tuba",
         "partitura": {
            "path": "JuanaArco-tuba-sol-sib.pdf"
        , "clave": "Sol", "afinacao": "Sib"
        }}
        
  ]
    
}
    