
        {
        "_id": "m20",
        
            "pasta": "Cassiopeia",
        
      
        "titulo": "Cassiopeia",
    
      
        "tipo": "Abertura/Concerto",
    
      
        "compositor": "Carlos Marques",
    
      
        "instrumentos": [
         
        {"nome": "Clarinete Alto",
         "partitura": {
            "path": "Cassiopeia-clarinete-alto.pdf"
        
        }}
        ,
         
        {"nome": "Clarinete Baixo",
         "partitura": {
            "path": "Cassiopeia-clarinete-baixo.pdf"
        
        }}
        ,
         
        {"nome": "Clarinete",
         "partitura": {
            "path": "Cassiopeia-clarinete1.pdf"
        , "voz": "I"
        }}
        ,
         
        {"nome": "Clarinete",
         "partitura": {
            "path": "Cassiopeia-clarinete2.pdf"
        , "voz": "II"
        }}
        ,
         
        {"nome": "Clarinete",
         "partitura": {
            "path": "Cassiopeia-clarinete3.pdf"
        , "voz": "III"
        }}
        ,
         
        {"nome": "Contrabaixo",
         "partitura": {
            "path": "Cassiopeia-contrabaixo.pdf"
        
        }}
        ,
         
        {"nome": "Eufónio",
         "partitura": {
            "path": "Cassiopeia-eufonio-sol.pdf"
        , "clave": "Sol"
        }}
        ,
         
        {"nome": "Eufónio",
         "partitura": {
            "path": "Cassiopeia-eufonio.pdf"
        , "clave": "Fá"
        }}
        ,
         
        {"nome": "Fagote",
         "partitura": {
            "path": "Cassiopeia-fagote.pdf"
        
        }}
        ,
         
        {"nome": "Flauta",
         "partitura": {
            "path": "Cassiopeia-flauta.pdf"
        
        }}
        ,
         
        {"nome": "Flautim",
         "partitura": {
            "path": "Cassiopeia-flautim.pdf"
        
        }}
        ,
         
        {"nome": "Maestro",
         "partitura": {
            "path": "Cassiopeia-maestro.pdf"
        
        }}
        ,
         
        {"nome": "Percussão",
         "partitura": {
            "path": "Cassiopeia-percussao1.pdf"
        , "voz": "I"
        }}
        ,
         
        {"nome": "Percussão",
         "partitura": {
            "path": "Cassiopeia-percussao2.pdf"
        , "voz": "II"
        }}
        ,
         
        {"nome": "Percussão",
         "partitura": {
            "path": "Cassiopeia-percussao3.pdf"
        , "voz": "III"
        }}
        ,
         
        {"nome": "Sax Alto",
         "partitura": {
            "path": "Cassiopeia-saxA.pdf"
        
        }}
        ,
         
        {"nome": "Sax Barítono",
         "partitura": {
            "path": "Cassiopeia-saxB.pdf"
        
        }}
        ,
         
        {"nome": "Sax Soprano",
         "partitura": {
            "path": "Cassiopeia-saxS.pdf"
        
        }}
        ,
         
        {"nome": "Sax Tenor",
         "partitura": {
            "path": "Cassiopeia-saxT.pdf"
        
        }}
        ,
         
        {"nome": "Tímpanos",
         "partitura": {
            "path": "Cassiopeia-timpanos.pdf"
        
        }}
        ,
         
        {"nome": "Trombone",
         "partitura": {
            "path": "Cassiopeia-trombone1.pdf"
        , "voz": "I"
        }}
        ,
         
        {"nome": "Trombone",
         "partitura": {
            "path": "Cassiopeia-trombone2-3.pdf"
        , "voz": "II"
        }}
        ,
         
        {"nome": "Trombone",
         "partitura": {
            "path": "Cassiopeia-trombone2-3.pdf"
        , "voz": "III"
        }}
        ,
         
        {"nome": "Trompa",
         "partitura": {
            "path": "Cassiopeia-trompa1-3.pdf"
        , "voz": "I"
        }}
        ,
         
        {"nome": "Trompa",
         "partitura": {
            "path": "Cassiopeia-trompa1-3.pdf"
        , "voz": "III"
        }}
        ,
         
        {"nome": "Trompa",
         "partitura": {
            "path": "Cassiopeia-trompa2-4.pdf"
        , "voz": "II"
        }}
        ,
         
        {"nome": "Trompa",
         "partitura": {
            "path": "Cassiopeia-trompa2-4.pdf"
        , "voz": "IV"
        }}
        ,
         
        {"nome": "Trompete",
         "partitura": {
            "path": "Cassiopeia-trompete1.pdf"
        , "voz": "I"
        }}
        ,
         
        {"nome": "Trompete",
         "partitura": {
            "path": "Cassiopeia-trompete2.pdf"
        , "voz": "II"
        }}
        ,
         
        {"nome": "Trompete",
         "partitura": {
            "path": "Cassiopeia-trompete3.pdf"
        , "voz": "III"
        }}
        ,
         
        {"nome": "Tuba",
         "partitura": {
            "path": "Cassiopeia-tuba-sol.pdf"
        , "clave": "Sol"
        }}
        
      ]
    
   }
    