
        {
        "_id": "m21",
        
            "pasta": "AntonioNogueira",
        
  
        "titulo": "António Nogueira",
    
  
        "tipo": "Marcha de Concerto/Pasodoble",
    
  
        "compositor": "Ilídio Costa",
    
  
    
  
  
        "instrumentos": [
    
        {"nome": "Bombo",
         "partitura": {
            "path": "AntonioNogueira-bombo-pratos.pdf"
        
        }}
        ,
    
        {"nome": "Pratos",
         "partitura": {
            "path": "AntonioNogueira-bombo-pratos.pdf"
        
        }}
        ,
    
        {"nome": "Caixa",
         "partitura": {
            "path": "AntonioNogueira-caixa.pdf"
        
        }}
        ,
    
        {"nome": "Clarinete",
         "partitura": {
            "path": "AntonioNogueira-clarinete1.pdf"
        , "voz": "I"
        }}
        ,
    
        {"nome": "Clarinete",
         "partitura": {
            "path": "AntonioNogueira-clarinete1-manuscrita.pdf"
        , "voz": "I"
        }}
        ,
    
        {"nome": "Clarinete",
         "partitura": {
            "path": "AntonioNogueira-clarinete2.pdf"
        , "voz": "II"
        }}
        ,
    
        {"nome": "Clarinete",
         "partitura": {
            "path": "AntonioNogueira-clarinete2-manuscrita.pdf"
        , "voz": "II"
        }}
        ,
    
        {"nome": "Clarinete",
         "partitura": {
            "path": "AntonioNogueira-clarinete3.pdf"
        , "voz": "III"
        }}
        ,
    
        {"nome": "Clarinete",
         "partitura": {
            "path": "AntonioNogueira-clarinete3-manuscrita.pdf"
        , "voz": "III"
        }}
        ,
    
        {"nome": "Contrabaixo",
         "partitura": {
            "path": "AntonioNogueira-contrabaixo.pdf"
        
        }}
        ,
    
        {"nome": "Eufónio",
         "partitura": {
            "path": "AntonioNogueira-eufonio.pdf"
        
        }}
        ,
    
        {"nome": "Flauta",
         "partitura": {
            "path": "AntonioNogueira-flauta.pdf"
        
        }}
        ,
    
        {"nome": "Flauta",
         "partitura": {
            "path": "AntonioNogueira-flauta-flautim-manuscrita.pdf"
        
        }}
        ,
    
        {"nome": "Flautim",
         "partitura": {
            "path": "AntonioNogueira-flauta-flautim-manuscrita.pdf"
        
        }}
        ,
    
        {"nome": "Maestro",
         "partitura": {
            "path": "AntonioNogueira-maestro.pdf"
        
        }}
        ,
    
        {"nome": "Oboé",
         "partitura": {
            "path": "AntonioNogueira-oboe-manuscrita.pdf"
        
        }}
        ,
    
        {"nome": "Requinta",
         "partitura": {
            "path": "AntonioNogueira-requinta-manuscrita.pdf"
        
        }}
        ,
    
        {"nome": "Sax Alto",
         "partitura": {
            "path": "AntonioNogueira-saxA.pdf"
        
        }}
        ,
    
        {"nome": "Sax Alto",
         "partitura": {
            "path": "AntonioNogueira-saxA-manuscrita.pdf"
        
        }}
        ,
    
        {"nome": "Sax Barítono",
         "partitura": {
            "path": "AntonioNogueira-saxB.pdf"
        
        }}
        ,
    
        {"nome": "Sax Barítono",
         "partitura": {
            "path": "AntonioNogueira-saxB-manuscrita.pdf"
        
        }}
        ,
    
        {"nome": "Sax Tenor",
         "partitura": {
            "path": "AntonioNogueira-saxT.pdf"
        
        }}
        ,
    
        {"nome": "Sax Tenor",
         "partitura": {
            "path": "AntonioNogueira-saxT-manuscrita.pdf"
        
        }}
        ,
    
        {"nome": "Sax Soprano",
         "partitura": {
            "path": "AntonioNogueira-saxS-manuscrita.pdf"
        
        }}
        ,
    
        {"nome": "Trombone",
         "partitura": {
            "path": "AntonioNogueira-trombone1.pdf"
        , "voz": "I"
        }}
        ,
    
        {"nome": "Trombone",
         "partitura": {
            "path": "AntonioNogueira-trombone2.pdf"
        , "voz": "II"
        }}
        ,
    
        {"nome": "Trombone",
         "partitura": {
            "path": "AntonioNogueira-trombone3.pdf"
        , "voz": "III"
        }}
        ,
    
        {"nome": "Trompete",
         "partitura": {
            "path": "AntonioNogueira-trompete1.pdf"
        , "voz": "I"
        }}
        ,
    
        {"nome": "Trompete",
         "partitura": {
            "path": "AntonioNogueira-trompete2.pdf"
        , "voz": "II"
        }}
        ,
    
        {"nome": "Trompete",
         "partitura": {
            "path": "AntonioNogueira-trompete3.pdf"
        , "voz": "III"
        }}
        ,
    
        {"nome": "Tuba",
         "partitura": {
            "path": "AntonioNogueira-tuba-sol-sib.pdf"
        , "clave": "Sol", "afinacao": "Sib"
        }}
        
  ]
    
}
    