
        {
        "_id": "m25",
        
            "pasta": "PtSuave",
        
      
        "titulo": "Português Suave",
    
      
        "tipo": "Rapsódia",
    
      
        "compositor": "Carlos Marques",
    
      
        "instrumentos": [
         
        {"nome": "Sax Barítono",
         "partitura": {
            "path": "PtSuave-saxB.pdf"
        
        }}
        ,
         
        {"nome": "Bateria",
         "partitura": {
            "path": "PtSuave-bateria.pdf"
        
        }}
        ,
         
        {"nome": "Clarinete",
         "partitura": {
            "path": "PtSuave-clarinete1.pdf"
        , "voz": "I"
        }}
        ,
         
        {"nome": "Clarinete",
         "partitura": {
            "path": "PtSuave-clarinete2.pdf"
        , "voz": "II"
        }}
        ,
         
        {"nome": "Clarinete",
         "partitura": {
            "path": "PtSuave-clarinete3.pdf"
        , "voz": "III"
        }}
        ,
         
        {"nome": "Eufónio",
         "partitura": {
            "path": "PtSuave-eufonio-sol.pdf"
        , "clave": "Sol"
        }}
        ,
         
        {"nome": "Flauta",
         "partitura": {
            "path": "PtSuave-flauta1-2.pdf"
        , "voz": "I"
        }}
        ,
         
        {"nome": "Flauta",
         "partitura": {
            "path": "PtSuave-flauta1-2.pdf"
        , "voz": "II"
        }}
        ,
         
        {"nome": "Flautim",
         "partitura": {
            "path": "PtSuave-flautim.pdf"
        
        }}
        ,
         
        {"nome": "Pandeireta",
         "partitura": {
            "path": "PtSuave-pandeireta.pdf"
        
        }}
        ,
         
        {"nome": "Percussão",
         "partitura": {
            "path": "PtSuave-percussao.pdf"
        
        }}
        ,
         
        {"nome": "Requinta",
         "partitura": {
            "path": "PtSuave-requinta.pdf"
        
        }}
        ,
         
        {"nome": "Sax Alto",
         "partitura": {
            "path": "PtSuave-saxA1-2.pdf"
        , "voz": "I"
        }}
        ,
         
        {"nome": "Sax Alto",
         "partitura": {
            "path": "PtSuave-saxA1-2.pdf"
        , "voz": "II"
        }}
        ,
         
        {"nome": "Sax Soprano",
         "partitura": {
            "path": "PtSuave-saxS.pdf"
        
        }}
        ,
         
        {"nome": "Sax Tenor",
         "partitura": {
            "path": "PtSuave-saxT.pdf"
        
        }}
        ,
         
        {"nome": "Tímpanos",
         "partitura": {
            "path": "PtSuave-timpanos.pdf"
        
        }}
        ,
         
        {"nome": "Trombone Baixo",
         "partitura": {
            "path": "PtSuave-trombone-baixo.pdf"
        
        }}
        ,
         
        {"nome": "Trombone",
         "partitura": {
            "path": "PtSuave-trombone1-2.pdf"
        , "voz": "I"
        }}
        ,
         
        {"nome": "Trombone",
         "partitura": {
            "path": "PtSuave-trombone1-2.pdf"
        , "voz": "II"
        }}
        ,
         
        {"nome": "Trompa",
         "partitura": {
            "path": "PtSuave-trompa1-2.pdf"
        , "voz": "I"
        }}
        ,
         
        {"nome": "Trompa",
         "partitura": {
            "path": "PtSuave-trompa1-2.pdf"
        , "voz": "II"
        }}
        ,
         
        {"nome": "Trompa",
         "partitura": {
            "path": "PtSuave-trompa3-4.pdf"
        , "voz": "III"
        }}
        ,
         
        {"nome": "Trompa",
         "partitura": {
            "path": "PtSuave-trompa3-4.pdf"
        , "voz": "IV"
        }}
        ,
         
        {"nome": "Trompete",
         "partitura": {
            "path": "PtSuave-trompete1.pdf"
        , "voz": "I"
        }}
        ,
         
        {"nome": "Trompete",
         "partitura": {
            "path": "PtSuave-trompete2.pdf"
        , "voz": "II"
        }}
        ,
         
        {"nome": "Trompete",
         "partitura": {
            "path": "PtSuave-trompete3.pdf"
        , "voz": "III"
        }}
        ,
         
        {"nome": "Tuba",
         "partitura": {
            "path": "PtSuave-tuba.pdf"
        
        }}
        
      ]
    
   }
    