
        {
        "_id": "m29",
        
            "pasta": "RossRoy",
        
      
        "titulo": "Ross Roy",
    
      
        "tipo": "Abertura/Concerto",
    
      
        "compositor": "Jacob de Haan",
    
      
         
      
      
        "instrumentos": [
         
        {"nome": "All",
         "partitura": {
            "path": "RossRoy-all.pdf"
        
        }}
        ,
         
        {"nome": "Clarinete Alto",
         "partitura": {
            "path": "RossRoy-clarinete-alto.pdf"
        
        }}
        ,
         
        {"nome": "Clarinete Baixo",
         "partitura": {
            "path": "RossRoy-clarinete-baixo.pdf"
        
        }}
        ,
         
        {"nome": "Clarinete",
         "partitura": {
            "path": "RossRoy-clarinete1.pdf"
        , "voz": "I"
        }}
        ,
         
        {"nome": "Clarinete",
         "partitura": {
            "path": "RossRoy-clarinete2.pdf"
        , "voz": "II"
        }}
        ,
         
        {"nome": "Clarinete",
         "partitura": {
            "path": "RossRoy-clarinete3.pdf"
        , "voz": "III"
        }}
        ,
         
        {"nome": "Corne Inglês",
         "partitura": {
            "path": "RossRoy-corne-ingles.pdf"
        
        }}
        ,
         
        {"nome": "Fagote",
         "partitura": {
            "path": "RossRoy-fagote1.pdf"
        , "voz": "I"
        }}
        ,
         
        {"nome": "Fagote",
         "partitura": {
            "path": "RossRoy-fagote2.pdf"
        , "voz": "II"
        }}
        ,
         
        {"nome": "Flauta",
         "partitura": {
            "path": "RossRoy-flauta1.pdf"
        , "voz": "I"
        }}
        ,
         
        {"nome": "Flauta",
         "partitura": {
            "path": "RossRoy-flauta2.pdf"
        , "voz": "II"
        }}
        ,
         
        {"nome": "Maestro",
         "partitura": {
            "path": "RossRoy-maestro.pdf"
        
        }}
        ,
         
        {"nome": "Oboé",
         "partitura": {
            "path": "RossRoy-oboe1.pdf"
        , "voz": "I"
        }}
        ,
         
        {"nome": "Oboé",
         "partitura": {
            "path": "RossRoy-oboe2.pdf"
        , "voz": "II"
        }}
        ,
         
        {"nome": "Percussão",
         "partitura": {
            "path": "RossRoy-percussao1.pdf"
        , "voz": "I"
        }}
        ,
         
        {"nome": "Percussão",
         "partitura": {
            "path": "RossRoy-percussao2-3.pdf"
        , "voz": "II"
        }}
        ,
         
        {"nome": "Percussão",
         "partitura": {
            "path": "RossRoy-percussao2-3.pdf"
        , "voz": "III"
        }}
        ,
         
        {"nome": "Requinta",
         "partitura": {
            "path": "RossRoy-requinta.pdf"
        
        }}
        ,
         
        {"nome": "Sax Alto",
         "partitura": {
            "path": "RossRoy-saxA1.pdf"
        , "voz": "I"
        }}
        ,
         
        {"nome": "Sax Alto",
         "partitura": {
            "path": "RossRoy-saxA2.pdf"
        , "voz": "II"
        }}
        ,
         
        {"nome": "Sax Barítono",
         "partitura": {
            "path": "RossRoy-saxB.pdf"
        
        }}
        ,
         
        {"nome": "Sax Tenor",
         "partitura": {
            "path": "RossRoy-saxT.pdf"
        
        }}
        ,
         
        {"nome": "Tímpanos",
         "partitura": {
            "path": "RossRoy-timpanos.pdf"
        
        }}
        ,
         
        {"nome": "Trombone Baixo",
         "partitura": {
            "path": "RossRoy-trombone-baixo.pdf"
        
        }}
        ,
         
        {"nome": "Trombone",
         "partitura": {
            "path": "RossRoy-trombone1.pdf"
        , "voz": "I"
        }}
        ,
         
        {"nome": "Trombone",
         "partitura": {
            "path": "RossRoy-trombone2.pdf"
        , "voz": "II"
        }}
        ,
         
        {"nome": "Trompa",
         "partitura": {
            "path": "RossRoy-trompa1.pdf"
        , "voz": "I"
        }}
        ,
         
        {"nome": "Trompa",
         "partitura": {
            "path": "RossRoy-trompa2.pdf"
        , "voz": "II"
        }}
        ,
         
        {"nome": "Trompa",
         "partitura": {
            "path": "RossRoy-trompa3.pdf"
        , "voz": "III"
        }}
        ,
         
        {"nome": "Trompa",
         "partitura": {
            "path": "RossRoy-trompa4.pdf"
        , "voz": "IV"
        }}
        ,
         
        {"nome": "Trompete",
         "partitura": {
            "path": "RossRoy-trompete1.pdf"
        , "voz": "I"
        }}
        ,
         
        {"nome": "Trompete",
         "partitura": {
            "path": "RossRoy-trompete2.pdf"
        , "voz": "II"
        }}
        ,
         
        {"nome": "Trompete",
         "partitura": {
            "path": "RossRoy-trompete3.pdf"
        , "voz": "III"
        }}
        ,
         
        {"nome": "Tuba",
         "partitura": {
            "path": "RossRoy-tuba.pdf"
        
        }}
        ,
         
        {"nome": "Xilofone",
         "partitura": {
            "path": "RossRoy-xilofone.pdf"
        
        }}
        
      ]
    
   }
    