
        {
        "_id": "m31",
        
            "pasta": "HighlightsChess",
        
      
        "titulo": "Highlights from 'Chess'",
    
      
        "tipo": "Abertura/Concerto",
    
      
        "compositor": "Ulvaeus Andersson",
    
      
        "arranjo": "Johan de Meij",
    
      
         
      
      
        "instrumentos": [
         
        {"nome": "All",
         "partitura": {
            "path": "HighlightsChess-all.pdf"
        
        }}
        ,
         
        {"nome": "Clarinete Alto",
         "partitura": {
            "path": "HighlightsChess-clarinete-alto.pdf"
        
        }}
        ,
         
        {"nome": "Clarinete Baixo",
         "partitura": {
            "path": "HighlightsChess-clarinete-baixo.pdf"
        
        }}
        ,
         
        {"nome": "Clarinete",
         "partitura": {
            "path": "HighlightsChess-clarinete1.pdf"
        , "voz": "I"
        }}
        ,
         
        {"nome": "Clarinete",
         "partitura": {
            "path": "HighlightsChess-clarinete2.pdf"
        , "voz": "II"
        }}
        ,
         
        {"nome": "Clarinete",
         "partitura": {
            "path": "HighlightsChess-clarinete3.pdf"
        , "voz": "III"
        }}
        ,
         
        {"nome": "Contrabaixo",
         "partitura": {
            "path": "HighlightsChess-contrabaixo.pdf"
        
        }}
        ,
         
        {"nome": "Corne Inglês",
         "partitura": {
            "path": "HighlightsChess-corne-ingles.pdf"
        
        }}
        ,
         
        {"nome": "Eufónio",
         "partitura": {
            "path": "HighlightsChess-eufonio.pdf"
        
        }}
        ,
         
        {"nome": "Fagote",
         "partitura": {
            "path": "HighlightsChess-fagote.pdf"
        
        }}
        ,
         
        {"nome": "Flauta",
         "partitura": {
            "path": "HighlightsChess-flauta.pdf"
        
        }}
        ,
         
        {"nome": "Flautim",
         "partitura": {
            "path": "HighlightsChess-flautim.pdf"
        
        }}
        ,
         
        {"nome": "Harpa",
         "partitura": {
            "path": "HighlightsChess-harpa-piano.pdf"
        
        }}
        ,
         
        {"nome": "Piano",
         "partitura": {
            "path": "HighlightsChess-harpa-piano.pdf"
        
        }}
        ,
         
        {"nome": "Oboé",
         "partitura": {
            "path": "HighlightsChess-oboe.pdf"
        
        }}
        ,
         
        {"nome": "Percussão",
         "partitura": {
            "path": "HighlightsChess-percussao1-2.pdf"
        , "voz": "I"
        }}
        ,
         
        {"nome": "Percussão",
         "partitura": {
            "path": "HighlightsChess-percussao1-2.pdf"
        , "voz": "II"
        }}
        ,
         
        {"nome": "Percussão",
         "partitura": {
            "path": "HighlightsChess-percussao3.pdf"
        , "voz": "III"
        }}
        ,
         
        {"nome": "Requinta",
         "partitura": {
            "path": "HighlightsChess-requinta.pdf"
        
        }}
        ,
         
        {"nome": "Sax Alto",
         "partitura": {
            "path": "HighlightsChess-saxA1.pdf"
        , "voz": "I"
        }}
        ,
         
        {"nome": "Sax Alto",
         "partitura": {
            "path": "HighlightsChess-saxA2.pdf"
        , "voz": "II"
        }}
        ,
         
        {"nome": "Sax Barítono",
         "partitura": {
            "path": "HighlightsChess-saxB.pdf"
        
        }}
        ,
         
        {"nome": "Sax Tenor",
         "partitura": {
            "path": "HighlightsChess-saxT.pdf"
        
        }}
        ,
         
        {"nome": "Tímpanos",
         "partitura": {
            "path": "HighlightsChess-timpanos.pdf"
        
        }}
        ,
         
        {"nome": "Trombone",
         "partitura": {
            "path": "HighlightsChess-trombone1.pdf"
        , "voz": "I"
        }}
        ,
         
        {"nome": "Trombone",
         "partitura": {
            "path": "HighlightsChess-trombone2.pdf"
        , "voz": "II"
        }}
        ,
         
        {"nome": "Trombone",
         "partitura": {
            "path": "HighlightsChess-trombone3.pdf"
        , "voz": "III"
        }}
        ,
         
        {"nome": "Trompa",
         "partitura": {
            "path": "HighlightsChess-trompa1-3.pdf"
        , "voz": "I"
        }}
        ,
         
        {"nome": "Trompa",
         "partitura": {
            "path": "HighlightsChess-trompa1-3.pdf"
        , "voz": "III"
        }}
        ,
         
        {"nome": "Trompa",
         "partitura": {
            "path": "HighlightsChess-trompa2-4.pdf"
        , "voz": "II"
        }}
        ,
         
        {"nome": "Trompa",
         "partitura": {
            "path": "HighlightsChess-trompa2-4.pdf"
        , "voz": "IV"
        }}
        ,
         
        {"nome": "Trompete",
         "partitura": {
            "path": "HighlightsChess-trompete1.pdf"
        , "voz": "I"
        }}
        ,
         
        {"nome": "Trompete",
         "partitura": {
            "path": "HighlightsChess-trompete2.pdf"
        , "voz": "II"
        }}
        ,
         
        {"nome": "Trompete",
         "partitura": {
            "path": "HighlightsChess-trompete3.pdf"
        , "voz": "III"
        }}
        ,
         
        {"nome": "Tuba",
         "partitura": {
            "path": "HighlightsChess-tuba.pdf"
        
        }}
        
      ]
    
   }
    