
        {
        "_id": "m32",
        
            "pasta": "CavalariaLigeira",
        
      
        "titulo": "Cavalaria Ligeira",
    
      
        "tipo": "Abertura/Concerto",
    
      
        "compositor": "Franz Von Suppé",
    
      
        "arranjo": "Charles Godfrey",
    
      
         
      
      
        "instrumentos": [
         
        {"nome": "Clarinete",
         "partitura": {
            "path": "CavalariaLigeira-clarinete-solo.pdf"
        , "voz": "Solo"
        }}
        ,
         
        {"nome": "Clarinete",
         "partitura": {
            "path": "CavalariaLigeira-clarinete1.pdf"
        , "voz": "I"
        }}
        ,
         
        {"nome": "Clarinete",
         "partitura": {
            "path": "CavalariaLigeira-clarinete2.pdf"
        , "voz": "II"
        }}
        ,
         
        {"nome": "Clarinete",
         "partitura": {
            "path": "CavalariaLigeira-clarinete3.pdf"
        , "voz": "III"
        }}
        ,
         
        {"nome": "Eufónio",
         "partitura": {
            "path": "CavalariaLigeira-eufonio.pdf"
        
        }}
        ,
         
        {"nome": "Flauta",
         "partitura": {
            "path": "CavalariaLigeira-flauta.pdf"
        
        }}
        ,
         
        {"nome": "Maestro",
         "partitura": {
            "path": "CavalariaLigeira-maestro.pdf"
        
        }}
        ,
         
        {"nome": "Percussão",
         "partitura": {
            "path": "CavalariaLigeira-percussao.pdf"
        
        }}
        ,
         
        {"nome": "Sax Alto",
         "partitura": {
            "path": "CavalariaLigeira-saxA.pdf"
        
        }}
        ,
         
        {"nome": "Sax Barítono",
         "partitura": {
            "path": "CavalariaLigeira-saxB.pdf"
        
        }}
        ,
         
        {"nome": "Sax Tenor",
         "partitura": {
            "path": "CavalariaLigeira-saxT.pdf"
        
        }}
        ,
         
        {"nome": "Trombone Baixo",
         "partitura": {
            "path": "CavalariaLigeira-trombone-baixo.pdf"
        
        }}
        ,
         
        {"nome": "Trombone",
         "partitura": {
            "path": "CavalariaLigeira-trombone1.pdf"
        , "voz": "I"
        }}
        ,
         
        {"nome": "Trombone",
         "partitura": {
            "path": "CavalariaLigeira-trombone2.pdf"
        , "voz": "II"
        }}
        ,
         
        {"nome": "Trombone",
         "partitura": {
            "path": "CavalariaLigeira-trombone3.pdf"
        , "voz": "III"
        }}
        ,
         
        {"nome": "Trompa",
         "partitura": {
            "path": "CavalariaLigeira-trompa1.pdf"
        , "voz": "I"
        }}
        ,
         
        {"nome": "Trompa",
         "partitura": {
            "path": "CavalariaLigeira-trompa2.pdf"
        , "voz": "II"
        }}
        ,
         
        {"nome": "Trompa",
         "partitura": {
            "path": "CavalariaLigeira-trompa3.pdf"
        , "voz": "III"
        }}
        ,
         
        {"nome": "Trompa",
         "partitura": {
            "path": "CavalariaLigeira-trompa4.pdf"
        , "voz": "IV"
        }}
        ,
         
        {"nome": "Trompete",
         "partitura": {
            "path": "CavalariaLigeira-trompete1.pdf"
        , "voz": "I"
        }}
        ,
         
        {"nome": "Trompete",
         "partitura": {
            "path": "CavalariaLigeira-trompete2.pdf"
        , "voz": "II"
        }}
        ,
         
        {"nome": "Trompete",
         "partitura": {
            "path": "CavalariaLigeira-trompete3.pdf"
        , "voz": "III"
        }}
        ,
         
        {"nome": "Tuba",
         "partitura": {
            "path": "CavalariaLigeira-tuba.pdf"
        , "clave": "Fá"
        }}
        ,
         
        {"nome": "Tuba",
         "partitura": {
            "path": "CavalariaLigeira-tuba-sol.pdf"
        , "clave": "Sol"
        }}
        
      ]
    
   }
    