
        {
        "_id": "m33",
        
            "pasta": "Paquito",
        
      
        "titulo": "Paquito Chocolatero",
    
      
        "tipo": "Marcha de Desfile",
    
      
        "compositor": "Gustavo Pascual Falcó",
    
      
        "instrumentos": [
         
        {"nome": "All",
         "partitura": {
            "path": "Paquito-all.pdf"
        
        }}
        ,
         
        {"nome": "Bombo",
         "partitura": {
            "path": "Paquito-bombo-pratos.pdf"
        
        }}
        ,
         
        {"nome": "Pratos",
         "partitura": {
            "path": "Paquito-bombo-pratos.pdf"
        
        }}
        ,
         
        {"nome": "Caixa",
         "partitura": {
            "path": "Paquito-caixa.pdf"
        
        }}
        ,
         
        {"nome": "Clarinete",
         "partitura": {
            "path": "Paquito-clarinete-solo.pdf"
        , "voz": "Solo"
        }}
        ,
         
        {"nome": "Clarinete",
         "partitura": {
            "path": "Paquito-clarinete1.pdf"
        , "voz": "I"
        }}
        ,
         
        {"nome": "Clarinete",
         "partitura": {
            "path": "Paquito-clarinete2.pdf"
        , "voz": "II"
        }}
        ,
         
        {"nome": "Clarinete",
         "partitura": {
            "path": "Paquito-clarinete3.pdf"
        , "voz": "III"
        }}
        ,
         
        {"nome": "Eufónio",
         "partitura": {
            "path": "Paquito-eufonio1.pdf"
        , "voz": "I"
        }}
        ,
         
        {"nome": "Eufónio",
         "partitura": {
            "path": "Paquito-eufonio2.pdf"
        , "voz": "II"
        }}
        ,
         
        {"nome": "Flauta",
         "partitura": {
            "path": "Paquito-flauta-oboe.pdf"
        
        }}
        ,
         
        {"nome": "Oboé",
         "partitura": {
            "path": "Paquito-flauta-oboe.pdf"
        
        }}
        ,
         
        {"nome": "Flautim",
         "partitura": {
            "path": "Paquito-flautim.pdf"
        
        }}
        ,
         
        {"nome": "Fliscorne",
         "partitura": {
            "path": "Paquito-fliscorne1.pdf"
        , "voz": "I"
        }}
        ,
         
        {"nome": "Fliscorne",
         "partitura": {
            "path": "Paquito-fliscorne2.pdf"
        , "voz": "II"
        }}
        ,
         
        {"nome": "Maestro",
         "partitura": {
            "path": "Paquito-maestro.pdf"
        
        }}
        ,
         
        {"nome": "Requinta",
         "partitura": {
            "path": "Paquito-requinta.pdf"
        
        }}
        ,
         
        {"nome": "Sax Alto",
         "partitura": {
            "path": "Paquito-saxA1.pdf"
        , "voz": "I"
        }}
        ,
         
        {"nome": "Sax Alto",
         "partitura": {
            "path": "Paquito-saxA2.pdf"
        , "voz": "II"
        }}
        ,
         
        {"nome": "Sax Barítono",
         "partitura": {
            "path": "Paquito-saxB.pdf"
        
        }}
        ,
         
        {"nome": "Sax Tenor",
         "partitura": {
            "path": "Paquito-saxT1.pdf"
        , "voz": "I"
        }}
        ,
         
        {"nome": "Sax Tenor",
         "partitura": {
            "path": "Paquito-saxT2.pdf"
        , "voz": "II"
        }}
        ,
         
        {"nome": "Trombone",
         "partitura": {
            "path": "Paquito-trombone1.pdf"
        , "voz": "I"
        }}
        ,
         
        {"nome": "Trombone",
         "partitura": {
            "path": "Paquito-trombone2.pdf"
        , "voz": "II"
        }}
        ,
         
        {"nome": "Trombone",
         "partitura": {
            "path": "Paquito-trombone3.pdf"
        , "voz": "III"
        }}
        ,
         
        {"nome": "Trompa",
         "partitura": {
            "path": "Paquito-trompa1.pdf"
        , "voz": "I"
        }}
        ,
         
        {"nome": "Trompa",
         "partitura": {
            "path": "Paquito-trompa2.pdf"
        , "voz": "II"
        }}
        ,
         
        {"nome": "Trompete",
         "partitura": {
            "path": "Paquito-trompete1.pdf"
        , "voz": "I"
        }}
        ,
         
        {"nome": "Trompete",
         "partitura": {
            "path": "Paquito-trompete2.pdf"
        , "voz": "II"
        }}
        ,
         
        {"nome": "Tuba",
         "partitura": {
            "path": "Paquito-tuba.pdf"
        
        }}
        
      ]
    
   }
    