
        {
        "_id": "m42",
        
            "pasta": "Pilatus",
        
      
        "titulo": "Pilatus: Mountain of Dragons",
    
      
        "tipo": "Abertura/Concerto",
    
      
        "compositor": "Steven Reineke",
    
      
         
      
      
        "instrumentos": [
         
        {"nome": "All",
         "partitura": {
            "path": "Pilatus-all.pdf"
        
        }}
        ,
         
        {"nome": "Clarinete Baixo",
         "partitura": {
            "path": "Pilatus-clarinete-baixo.pdf"
        
        }}
        ,
         
        {"nome": "Clarinete",
         "partitura": {
            "path": "Pilatus-clarinete1.pdf"
        , "voz": "I"
        }}
        ,
         
        {"nome": "Clarinete",
         "partitura": {
            "path": "Pilatus-clarinete2.pdf"
        , "voz": "II"
        }}
        ,
         
        {"nome": "Clarinete",
         "partitura": {
            "path": "Pilatus-clarinete2-3.pdf"
        , "voz": "IIb"
        }}
        ,
         
        {"nome": "Clarinete",
         "partitura": {
            "path": "Pilatus-clarinete3.pdf"
        , "voz": "III"
        }}
        ,
         
        {"nome": "Clarinete",
         "partitura": {
            "path": "Pilatus-clarinete2-3.pdf"
        , "voz": "IIIb"
        }}
        ,
         
        {"nome": "Eufónio",
         "partitura": {
            "path": "Pilatus-eufonio.pdf"
        
        }}
        ,
         
        {"nome": "Fagote",
         "partitura": {
            "path": "Pilatus-fagote.pdf"
        
        }}
        ,
         
        {"nome": "Flauta",
         "partitura": {
            "path": "Pilatus-flauta.pdf"
        
        }}
        ,
         
        {"nome": "Flauta",
         "partitura": {
            "path": "Pilatus-flauta1-2.pdf"
        , "voz": "I"
        }}
        ,
         
        {"nome": "Flauta",
         "partitura": {
            "path": "Pilatus-flauta1-2.pdf"
        , "voz": "II"
        }}
        ,
         
        {"nome": "Flautim",
         "partitura": {
            "path": "Pilatus-flautim.pdf"
        
        }}
        ,
         
        {"nome": "Harpa",
         "partitura": {
            "path": "Pilatus-harpa.pdf"
        
        }}
        ,
         
        {"nome": "Oboé",
         "partitura": {
            "path": "Pilatus-oboe.pdf"
        
        }}
        ,
         
        {"nome": "Orgão",
         "partitura": {
            "path": "Pilatus-orgao.pdf"
        
        }}
        ,
         
        {"nome": "Sax Alto",
         "partitura": {
            "path": "Pilatus-saxA1.pdf"
        , "voz": "I"
        }}
        ,
         
        {"nome": "Sax Alto",
         "partitura": {
            "path": "Pilatus-saxA2.pdf"
        , "voz": "II"
        }}
        ,
         
        {"nome": "Sax Barítono",
         "partitura": {
            "path": "Pilatus-saxB.pdf"
        
        }}
        ,
         
        {"nome": "Sax Tenor",
         "partitura": {
            "path": "Pilatus-saxT.pdf"
        
        }}
        ,
         
        {"nome": "Tímpanos",
         "partitura": {
            "path": "Pilatus-timpanos.pdf"
        
        }}
        ,
         
        {"nome": "Trombone",
         "partitura": {
            "path": "Pilatus-trombone1.pdf"
        , "voz": "I"
        }}
        ,
         
        {"nome": "Trombone",
         "partitura": {
            "path": "Pilatus-trombone2-3.pdf"
        , "voz": "II"
        }}
        ,
         
        {"nome": "Trombone",
         "partitura": {
            "path": "Pilatus-trombone2-3.pdf"
        , "voz": "III"
        }}
        ,
         
        {"nome": "Trompa",
         "partitura": {
            "path": "Pilatus-trompa1-2.pdf"
        , "voz": "I"
        }}
        ,
         
        {"nome": "Trompa",
         "partitura": {
            "path": "Pilatus-trompa1-2.pdf"
        , "voz": "II"
        }}
        ,
         
        {"nome": "Trompete",
         "partitura": {
            "path": "Pilatus-trompete1.pdf"
        , "voz": "I"
        }}
        ,
         
        {"nome": "Trompete",
         "partitura": {
            "path": "Pilatus-trompete2-3.pdf"
        , "voz": "II"
        }}
        ,
         
        {"nome": "Trompete",
         "partitura": {
            "path": "Pilatus-trompete2-3.pdf"
        , "voz": "III"
        }}
        ,
         
        {"nome": "Tuba",
         "partitura": {
            "path": "Pilatus-tuba.pdf"
        
        }}
        
      ]
    
   }
    