
        {
        "_id": "m44",
        
            "pasta": "VilaFranca",
        
      
        "titulo": "Vila Franca",
    
      
        "tipo": "Marcha de Concerto/Pasodoble",
    
      
        "compositor": "Jorge Salgueiro",
    
      
         
      
      
        "instrumentos": [
         
        {"nome": "Bombo",
         "partitura": {
            "path": "VilaFranca-bombo-pratos.pdf"
        
        }}
        ,
         
        {"nome": "Pratos",
         "partitura": {
            "path": "VilaFranca-bombo-pratos.pdf"
        
        }}
        ,
         
        {"nome": "Castanholas",
         "partitura": {
            "path": "VilaFranca-castanholas-tanta.pdf"
        
        }}
        ,
         
        {"nome": "Tantã",
         "partitura": {
            "path": "VilaFranca-castanholas-tanta.pdf"
        
        }}
        ,
         
        {"nome": "Clarinete Alto",
         "partitura": {
            "path": "VilaFranca-clarinete-alto.pdf"
        
        }}
        ,
         
        {"nome": "Clarinete Baixo",
         "partitura": {
            "path": "VilaFranca-clarinete-baixo.pdf"
        
        }}
        ,
         
        {"nome": "Clarinete Contrabaixo",
         "partitura": {
            "path": "VilaFranca-clarinete-contrabaixo.pdf"
        
        }}
        ,
         
        {"nome": "Clarinete",
         "partitura": {
            "path": "VilaFranca-clarinete1.pdf"
        , "voz": "I"
        }}
        ,
         
        {"nome": "Clarinete",
         "partitura": {
            "path": "VilaFranca-clarinete2.pdf"
        , "voz": "II"
        }}
        ,
         
        {"nome": "Clarinete",
         "partitura": {
            "path": "VilaFranca-clarinete3.pdf"
        , "voz": "III"
        }}
        ,
         
        {"nome": "Contrabaixo",
         "partitura": {
            "path": "VilaFranca-contrabaixo.pdf"
        
        }}
        ,
         
        {"nome": "Cornetim",
         "partitura": {
            "path": "VilaFranca-cornetim1.pdf"
        , "voz": "I"
        }}
        ,
         
        {"nome": "Cornetim",
         "partitura": {
            "path": "VilaFranca-cornetim2.pdf"
        , "voz": "II"
        }}
        ,
         
        {"nome": "Eufónio",
         "partitura": {
            "path": "VilaFranca-eufonio1-2.pdf"
        , "voz": "I"
        }}
        ,
         
        {"nome": "Eufónio",
         "partitura": {
            "path": "VilaFranca-eufonio1-2.pdf"
        , "voz": "II"
        }}
        ,
         
        {"nome": "Fagote",
         "partitura": {
            "path": "VilaFranca-fagote.pdf"
        
        }}
        ,
         
        {"nome": "Flauta",
         "partitura": {
            "path": "VilaFranca-flauta.pdf"
        
        }}
        ,
         
        {"nome": "Flautim",
         "partitura": {
            "path": "VilaFranca-flautim.pdf"
        
        }}
        ,
         
        {"nome": "Fliscorne",
         "partitura": {
            "path": "VilaFranca-fliscorne1.pdf"
        , "voz": "I"
        }}
        ,
         
        {"nome": "Fliscorne",
         "partitura": {
            "path": "VilaFranca-fliscorne2.pdf"
        , "voz": "II"
        }}
        ,
         
        {"nome": "Lira",
         "partitura": {
            "path": "VilaFranca-lira.pdf"
        
        }}
        ,
         
        {"nome": "Maestro",
         "partitura": {
            "path": "VilaFranca-maestro.pdf"
        
        }}
        ,
         
        {"nome": "Oboé",
         "partitura": {
            "path": "VilaFranca-oboe.pdf"
        
        }}
        ,
         
        {"nome": "Requinta",
         "partitura": {
            "path": "VilaFranca-requinta.pdf"
        
        }}
        ,
         
        {"nome": "Sax Alto",
         "partitura": {
            "path": "VilaFranca-saxA.pdf"
        
        }}
        ,
         
        {"nome": "Sax Barítono",
         "partitura": {
            "path": "VilaFranca-saxB.pdf"
        
        }}
        ,
         
        {"nome": "Sax Tenor",
         "partitura": {
            "path": "VilaFranca-saxT.pdf"
        
        }}
        ,
         
        {"nome": "Tarola",
         "partitura": {
            "path": "VilaFranca-tarola.pdf"
        
        }}
        ,
         
        {"nome": "Tímpanos",
         "partitura": {
            "path": "VilaFranca-timpanos.pdf"
        
        }}
        ,
         
        {"nome": "Trombone Baixo",
         "partitura": {
            "path": "VilaFranca-trombone-baixo.pdf"
        
        }}
        ,
         
        {"nome": "Trombone",
         "partitura": {
            "path": "VilaFranca-trombone1.pdf"
        , "voz": "I"
        }}
        ,
         
        {"nome": "Trombone",
         "partitura": {
            "path": "VilaFranca-trombone2.pdf"
        , "voz": "II"
        }}
        ,
         
        {"nome": "Trompa",
         "partitura": {
            "path": "VilaFranca-trompa1-3.pdf"
        , "voz": "I"
        }}
        ,
         
        {"nome": "Trompa",
         "partitura": {
            "path": "VilaFranca-trompa1-3.pdf"
        , "voz": "III"
        }}
        ,
         
        {"nome": "Trompa",
         "partitura": {
            "path": "VilaFranca-trompa2-4.pdf"
        , "voz": "II"
        }}
        ,
         
        {"nome": "Trompa",
         "partitura": {
            "path": "VilaFranca-trompa2-4.pdf"
        , "voz": "IV"
        }}
        ,
         
        {"nome": "Trompete",
         "partitura": {
            "path": "VilaFranca-trompete1.pdf"
        , "voz": "I"
        }}
        ,
         
        {"nome": "Trompete",
         "partitura": {
            "path": "VilaFranca-trompete2.pdf"
        , "voz": "II"
        }}
        ,
         
        {"nome": "Tuba",
         "partitura": {
            "path": "VilaFranca-tuba.pdf"
        
        }}
        ,
         
        {"nome": "Violoncelo",
         "partitura": {
            "path": "VilaFranca-violoncelo.pdf"
        
        }}
        
      ]
    
   }
    