
        {
        "_id": "m45",
        
            "pasta": "MomentosMenores",
        
      
        "titulo": "Momentos Menores",
    
      
        "tipo": "Ligeiro/Fantasia",
    
      
        "compositor": "Ilídio Costa",
    
      
        "instrumentos": [
        
        {"nome": "Bombo",
         "partitura": {
            "path": "MomentosMenores-bombo-pratos.pdf"
        
        }}
        ,
        
        {"nome": "Pratos",
         "partitura": {
            "path": "MomentosMenores-bombo-pratos.pdf"
        
        }}
        ,
        
        {"nome": "Caixa",
         "partitura": {
            "path": "MomentosMenores-caixa.pdf"
        
        }}
        ,
        
        {"nome": "Clarinete",
         "partitura": {
            "path": "MomentosMenores-clarinete1.pdf"
        , "voz": "I"
        }}
        ,
        
        {"nome": "Clarinete",
         "partitura": {
            "path": "MomentosMenores-clarinete2-3.pdf"
        , "voz": "II"
        }}
        ,
        
        {"nome": "Clarinete",
         "partitura": {
            "path": "MomentosMenores-clarinete2-3.pdf"
        , "voz": "III"
        }}
        ,
        
        {"nome": "Eufónio",
         "partitura": {
            "path": "MomentosMenores-eufonio-sol-sib.pdf"
        , "clave": "Sol", "afinacao": "Sib"
        }}
        ,
        
        {"nome": "Flauta",
         "partitura": {
            "path": "MomentosMenores-flauta.pdf"
        
        }}
        ,
        
        {"nome": "Fliscorne",
         "partitura": {
            "path": "MomentosMenores-fliscorne.pdf"
        
        }}
        ,
        
        {"nome": "Maestro",
         "partitura": {
            "path": "MomentosMenores-maestro.pdf"
        
        }}
        ,
        
        {"nome": "Percussão",
         "partitura": {
            "path": "MomentosMenores-percussao.pdf"
        
        }}
        ,
        
        {"nome": "Requinta",
         "partitura": {
            "path": "MomentosMenores-requinta.pdf"
        
        }}
        ,
        
        {"nome": "Sax Alto",
         "partitura": {
            "path": "MomentosMenores-saxA.pdf"
        
        }}
        ,
        
        {"nome": "Sax Barítono",
         "partitura": {
            "path": "MomentosMenores-saxB.pdf"
        
        }}
        ,
        
        {"nome": "Sax Soprano",
         "partitura": {
            "path": "MomentosMenores-saxS.pdf"
        
        }}
        ,
        
        {"nome": "Sax Tenor",
         "partitura": {
            "path": "MomentosMenores-saxT.pdf"
        
        }}
        ,
        
        {"nome": "Tímpanos",
         "partitura": {
            "path": "MomentosMenores-timpanos.pdf"
        
        }}
        ,
        
        {"nome": "Trombone",
         "partitura": {
            "path": "MomentosMenores-trombone1.pdf"
        , "voz": "I"
        }}
        ,
        
        {"nome": "Trombone",
         "partitura": {
            "path": "MomentosMenores-trombone2.pdf"
        , "voz": "II"
        }}
        ,
        
        {"nome": "Trombone",
         "partitura": {
            "path": "MomentosMenores-trombone3.pdf"
        , "voz": "III"
        }}
        ,
        
        {"nome": "Trompa",
         "partitura": {
            "path": "MomentosMenores-trompa.pdf"
        
        }}
        ,
        
        {"nome": "Trompete",
         "partitura": {
            "path": "MomentosMenores-trompete1.pdf"
        , "voz": "I"
        }}
        ,
        
        {"nome": "Trompete",
         "partitura": {
            "path": "MomentosMenores-trompete2-3.pdf"
        , "voz": "II"
        }}
        ,
        
        {"nome": "Trompete",
         "partitura": {
            "path": "MomentosMenores-trompete2-3.pdf"
        , "voz": "III"
        }}
        ,
        
        {"nome": "Tuba",
         "partitura": {
            "path": "MomentosMenores-tuba-sol-sib.pdf"
        , "clave": "Sol", "afinacao": "Sib"
        }}
        
      ]
    
   }
    