
        {
        "_id": "m46",
        
            "pasta": "Santana",
        
      
        "titulo": "Santana",
    
      
        "tipo": "Ligeiro/Fantasia",
    
      
        "compositor": "Santana",
    
      
        "arranjo": "Giancarlo Gazzani",
    
      
        "instrumentos": [
         
        {"nome": "All",
         "partitura": {
            "path": "Santana-all.pdf"
        
        }}
        ,
         
        {"nome": "Maestro",
         "partitura": {
            "path": "Santana-maestro.pdf"
        
        }}
        ,
         
        {"nome": "Flautim",
         "partitura": {
            "path": "Santana-flautim.pdf"
        
        }}
        ,
         
        {"nome": "Oboé",
         "partitura": {
            "path": "Santana-oboe.pdf"
        
        }}
        ,
         
        {"nome": "Trompete",
         "partitura": {
            "path": "Santana-trompete1.pdf"
        , "voz": "I"
        }}
        ,
         
        {"nome": "Trompete",
         "partitura": {
            "path": "Santana-trompete2.pdf"
        , "voz": "II"
        }}
        ,
         
        {"nome": "Trompete",
         "partitura": {
            "path": "Santana-trompete3.pdf"
        , "voz": "III"
        }}
        ,
         
        {"nome": "Trombone",
         "partitura": {
            "path": "Santana-trombone1.pdf"
        , "voz": "I"
        }}
        ,
         
        {"nome": "Trombone",
         "partitura": {
            "path": "Santana-trombone2.pdf"
        , "voz": "II"
        }}
        ,
         
        {"nome": "Trombone",
         "partitura": {
            "path": "Santana-trombone3.pdf"
        , "voz": "III"
        }}
        ,
         
        {"nome": "Trompa",
         "partitura": {
            "path": "Santana-trompaF1.pdf"
        , "voz": "I"
        }}
        ,
         
        {"nome": "Trompa",
         "partitura": {
            "path": "Santana-trompaF2.pdf"
        , "voz": "II"
        }}
        ,
         
        {"nome": "Eufónio",
         "partitura": {
            "path": "Santana-eufonio.pdf"
        
        }}
        ,
         
        {"nome": "Flauta",
         "partitura": {
            "path": "Santana-flauta1.pdf"
        , "voz": "I"
        }}
        ,
         
        {"nome": "Flauta",
         "partitura": {
            "path": "Santana-flauta2.pdf"
        , "voz": "II"
        }}
        ,
         
        {"nome": "Fagote",
         "partitura": {
            "path": "Santana-fagote.pdf"
        
        }}
        ,
         
        {"nome": "Clarinete",
         "partitura": {
            "path": "Santana-clarinete1-solo.pdf"
        , "voz": "Solo"
        }}
        ,
         
        {"nome": "Clarinete",
         "partitura": {
            "path": "Santana-clarinete1-solo.pdf"
        , "voz": "I"
        }}
        ,
         
        {"nome": "Clarinete",
         "partitura": {
            "path": "Santana-clarinete2.pdf"
        , "voz": "II"
        }}
        ,
         
        {"nome": "Clarinete",
         "partitura": {
            "path": "Santana-clarinete3.pdf"
        , "voz": "III"
        }}
        ,
         
        {"nome": "Sax Alto",
         "partitura": {
            "path": "Santana-saxA1.pdf"
        , "voz": "I"
        }}
        ,
         
        {"nome": "Sax Alto",
         "partitura": {
            "path": "Santana-saxA2.pdf"
        , "voz": "II"
        }}
        ,
         
        {"nome": "Sax Tenor",
         "partitura": {
            "path": "Santana-saxT1.pdf"
        , "voz": "I"
        }}
        ,
         
        {"nome": "Sax Tenor",
         "partitura": {
            "path": "Santana-saxT2.pdf"
        , "voz": "II"
        }}
        ,
         
        {"nome": "Sax Barítono",
         "partitura": {
            "path": "Santana-saxB.pdf"
        
        }}
        ,
         
        {"nome": "Tuba",
         "partitura": {
            "path": "Santana-tuba.pdf"
        
        }}
        ,
         
        {"nome": "Tuba",
         "partitura": {
            "path": "Santana-tuba1-2.pdf"
        , "voz": "I"
        }}
        ,
         
        {"nome": "Tuba",
         "partitura": {
            "path": "Santana-tuba1-2.pdf"
        , "voz": "II"
        }}
        ,
         
        {"nome": "Bateria",
         "partitura": {
            "path": "Santana-bateria.pdf"
        
        }}
        ,
         
        {"nome": "Percussão",
         "partitura": {
            "path": "Santana-percussao1.pdf"
        , "voz": "I"
        }}
        ,
         
        {"nome": "Percussão",
         "partitura": {
            "path": "Santana-percussao2.pdf"
        , "voz": "II"
        }}
        
      ]
    
   }
    