
        {
        "_id": "m51",
        
            "pasta": "Crucifixus",
        
      
        "titulo": "Crucifixus",
    
      
        "tipo": "Marcha de Procissão",
    
      
        "compositor": "José Alberto Pina",
    
      
        "editado": "Óscar Gonçalves",
    
      
         
      
      
        "instrumentos": [
         
        {"nome": "Tuba",
         "partitura": {
            "path": "Crucifixus-tuba.pdf"
        
        }}
        ,
         
        {"nome": "Bombo",
         "partitura": {
            "path": "Crucifixus-bombo-pratos.pdf"
        
        }}
        ,
         
        {"nome": "Pratos",
         "partitura": {
            "path": "Crucifixus-bombo-pratos.pdf"
        
        }}
        ,
         
        {"nome": "Caixa",
         "partitura": {
            "path": "Crucifixus-caixa.pdf"
        
        }}
        ,
         
        {"nome": "Clarinete Baixo",
         "partitura": {
            "path": "Crucifixus-clarinete-baixo.pdf"
        
        }}
        ,
         
        {"nome": "Clarinete",
         "partitura": {
            "path": "Crucifixus-clarinete1.pdf"
        , "voz": "I"
        }}
        ,
         
        {"nome": "Clarinete",
         "partitura": {
            "path": "Crucifixus-clarinete2.pdf"
        , "voz": "II"
        }}
        ,
         
        {"nome": "Clarinete",
         "partitura": {
            "path": "Crucifixus-clarinete3.pdf"
        , "voz": "III"
        }}
        ,
         
        {"nome": "Contrabaixo",
         "partitura": {
            "path": "Crucifixus-contrabaixo.pdf"
        
        }}
        ,
         
        {"nome": "Eufónio",
         "partitura": {
            "path": "Crucifixus-eufonio1-2.pdf"
        , "voz": "I"
        }}
        ,
         
        {"nome": "Eufónio",
         "partitura": {
            "path": "Crucifixus-eufonio1-2.pdf"
        , "voz": "II"
        }}
        ,
         
        {"nome": "Fagote",
         "partitura": {
            "path": "Crucifixus-fagote1-2.pdf"
        , "voz": "II"
        }}
        ,
         
        {"nome": "Flauta",
         "partitura": {
            "path": "Crucifixus-flauta1-2.pdf"
        , "voz": "I"
        }}
        ,
         
        {"nome": "Fagote",
         "partitura": {
            "path": "Crucifixus-fagote1-2.pdf"
        , "voz": "I"
        }}
        ,
         
        {"nome": "Flauta",
         "partitura": {
            "path": "Crucifixus-flauta1-2.pdf"
        , "voz": "II"
        }}
        ,
         
        {"nome": "Flautim",
         "partitura": {
            "path": "Crucifixus-flautim.pdf"
        
        }}
        ,
         
        {"nome": "Fliscorne",
         "partitura": {
            "path": "Crucifixus-fliscorne1-2.pdf"
        , "voz": "I"
        }}
        ,
         
        {"nome": "Fliscorne",
         "partitura": {
            "path": "Crucifixus-fliscorne1-2.pdf"
        , "voz": "II"
        }}
        ,
         
        {"nome": "Maestro",
         "partitura": {
            "path": "Crucifixus-maestro.pdf"
        
        }}
        ,
         
        {"nome": "Oboé",
         "partitura": {
            "path": "Crucifixus-oboe1-2.pdf"
        , "voz": "I"
        }}
        ,
         
        {"nome": "Oboé",
         "partitura": {
            "path": "Crucifixus-oboe1-2.pdf"
        , "voz": "II"
        }}
        ,
         
        {"nome": "Requinta",
         "partitura": {
            "path": "Crucifixus-requinta.pdf"
        
        }}
        ,
         
        {"nome": "Sax Alto",
         "partitura": {
            "path": "Crucifixus-saxA1-2.pdf"
        , "voz": "I"
        }}
        ,
         
        {"nome": "Sax Alto",
         "partitura": {
            "path": "Crucifixus-saxA1-2.pdf"
        , "voz": "II"
        }}
        ,
         
        {"nome": "Sax Tenor",
         "partitura": {
            "path": "Crucifixus-saxT.pdf"
        
        }}
        ,
        
        {"nome": "Sax Barítono",
         "partitura": {
            "path": "Crucifixus-saxB.pdf"
        
        }}
        ,
         
        {"nome": "Tímpanos",
         "partitura": {
            "path": "Crucifixus-timpanos.pdf"
        
        }}
        ,
         
        {"nome": "Trombone",
         "partitura": {
            "path": "Crucifixus-trombone1-2.pdf"
        , "voz": "I"
        }}
        ,
         
        {"nome": "Trombone",
         "partitura": {
            "path": "Crucifixus-trombone1-2.pdf"
        , "voz": "II"
        }}
        ,
         
        {"nome": "Trombone",
         "partitura": {
            "path": "Crucifixus-trombone3.pdf"
        , "voz": "III"
        }}
        ,
         
        {"nome": "Trompa",
         "partitura": {
            "path": "Crucifixus-trompa1-2.pdf"
        , "voz": "I"
        }}
        ,
         
        {"nome": "Trompa",
         "partitura": {
            "path": "Crucifixus-trompa1-2.pdf"
        , "voz": "II"
        }}
        ,
         
        {"nome": "Trompa",
         "partitura": {
            "path": "Crucifixus-trompa3-4.pdf"
        , "voz": "III"
        }}
        ,
         
        {"nome": "Trompa",
         "partitura": {
            "path": "Crucifixus-trompa3-4.pdf"
        , "voz": "IV"
        }}
        ,
         
        {"nome": "Trompete",
         "partitura": {
            "path": "Crucifixus-trompete1.pdf"
        , "voz": "I"
        }}
        ,
         
        {"nome": "Trompete",
         "partitura": {
            "path": "Crucifixus-trompete2.pdf"
        , "voz": "II"
        }}
        ,
         
        {"nome": "Trompete",
         "partitura": {
            "path": "Crucifixus-trompete3.pdf"
        , "voz": "III"
        }}
        ,
         
        {"nome": "Xilofone",
         "partitura": {
            "path": "Crucifixus-xilofone.pdf"
        
        }}
        
      ]
    
   }
    