
        {
        "_id": "m56",
        
            "pasta": "Esposende",
        
      
        "titulo": "Cidade Esposende",
    
      
        "tipo": "Marcha de Desfile",
    
      
        "compositor": "Valdemar Sequeira",
    
      
        "instrumentos": [
         
        {"nome": "Bombo",
         "partitura": {
            "path": "Esposende-bombo-pratos.pdf"
        
        }}
        ,
         
        {"nome": "Pratos",
         "partitura": {
            "path": "Esposende-bombo-pratos.pdf"
        
        }}
        ,
         
        {"nome": "Caixa",
         "partitura": {
            "path": "Esposende-caixa.pdf"
        
        }}
        ,
         
        {"nome": "Clarinete Baixo",
         "partitura": {
            "path": "Esposende-clarinete-baixo.pdf"
        
        }}
        ,
         
        {"nome": "Clarinete",
         "partitura": {
            "path": "Esposende-clarinete1.pdf"
        , "voz": "I"
        }}
        ,
         
        {"nome": "Clarinete",
         "partitura": {
            "path": "Esposende-clarinete2.pdf"
        , "voz": "II"
        }}
        ,
         
        {"nome": "Clarinete",
         "partitura": {
            "path": "Esposende-clarinete3.pdf"
        , "voz": "III"
        }}
        ,
         
        {"nome": "Eufónio",
         "partitura": {
            "path": "Esposende-eufonio1.pdf"
        , "voz": "I"
        }}
        ,
         
        {"nome": "Eufónio",
         "partitura": {
            "path": "Esposende-eufonio2.pdf"
        , "voz": "II"
        }}
        ,
         
        {"nome": "Flauta",
         "partitura": {
            "path": "Esposende-flauta.pdf"
        
        }}
        ,
         
        {"nome": "Maestro",
         "partitura": {
            "path": "Esposende-maestro.pdf"
        
        }}
        ,
         
        {"nome": "Metalofone",
         "partitura": {
            "path": "Esposende-metalofone.pdf"
        
        }}
        ,
         
        {"nome": "Oboé",
         "partitura": {
            "path": "Esposende-oboe.pdf"
        
        }}
        ,
         
        {"nome": "Requinta",
         "partitura": {
            "path": "Esposende-requinta.pdf"
        
        }}
        ,
         
        {"nome": "Sax Alto",
         "partitura": {
            "path": "Esposende-saxA1.pdf"
        , "voz": "I"
        }}
        ,
         
        {"nome": "Sax Alto",
         "partitura": {
            "path": "Esposende-saxA2.pdf"
        , "voz": "II"
        }}
        ,
         
        {"nome": "Sax Tenor",
         "partitura": {
            "path": "Esposende-saxT1.pdf"
        , "voz": "I"
        }}
        ,
         
        {"nome": "Sax Tenor",
         "partitura": {
            "path": "Esposende-saxT2.pdf"
        , "voz": "II"
        }}
        ,
         
        {"nome": "Trombone",
         "partitura": {
            "path": "Esposende-trombone1.pdf"
        , "voz": "I"
        }}
        ,
         
        {"nome": "Trombone",
         "partitura": {
            "path": "Esposende-trombone2.pdf"
        , "voz": "II"
        }}
        ,
         
        {"nome": "Trombone",
         "partitura": {
            "path": "Esposende-trombone3.pdf"
        , "voz": "III"
        }}
        ,
         
        {"nome": "Trompa",
         "partitura": {
            "path": "Esposende-trompa1.pdf"
        , "voz": "I"
        }}
        ,
         
        {"nome": "Trompa",
         "partitura": {
            "path": "Esposende-trompa2.pdf"
        , "voz": "II"
        }}
        ,
         
        {"nome": "Trompa",
         "partitura": {
            "path": "Esposende-trompa3.pdf"
        , "voz": "III"
        }}
        ,
         
        {"nome": "Trompete",
         "partitura": {
            "path": "Esposende-trompete1.pdf"
        , "voz": "I"
        }}
        ,
         
        {"nome": "Trompete",
         "partitura": {
            "path": "Esposende-trompete2.pdf"
        , "voz": "II"
        }}
        ,
         
        {"nome": "Trompete",
         "partitura": {
            "path": "Esposende-trompete3.pdf"
        , "voz": "III"
        }}
        ,
         
        {"nome": "Tuba",
         "partitura": {
            "path": "Esposende-tuba.pdf"
        
        }}
        
      ]
    
   }
    