
        {
        "_id": "m57",
        
            "pasta": "ABBAgold",
        
      
        "titulo": "ABBA Gold",
    
      
        "tipo": "Ligeiro/Fantasia",
    
      
        "compositor": "ABBA",
    
      
        "arranjo": "Ron Sebregts",
    
      
        "instrumentos": [
         
        {"nome": "Bateria",
         "partitura": {
            "path": "ABBAgold-bateria.pdf"
        
        }}
        ,
         
        {"nome": "Bombo",
         "partitura": {
            "path": "ABBAgold-bombo.pdf"
        
        }}
        ,
         
        {"nome": "Caixa",
         "partitura": {
            "path": "ABBAgold-caixa.pdf"
        
        }}
        ,
         
        {"nome": "Clarinete",
         "partitura": {
            "path": "ABBAgold-clarinete1.pdf"
        , "voz": "I"
        }}
        ,
         
        {"nome": "Clarinete",
         "partitura": {
            "path": "ABBAgold-clarinete2.pdf"
        , "voz": "II"
        }}
        ,
         
        {"nome": "Clarinete",
         "partitura": {
            "path": "ABBAgold-clarinete3.pdf"
        , "voz": "III"
        }}
        ,
         
        {"nome": "Corneta",
         "partitura": {
            "path": "ABBAgold-corneta1.pdf"
        , "voz": "I"
        }}
        ,
         
        {"nome": "Corneta",
         "partitura": {
            "path": "ABBAgold-corneta2.pdf"
        , "voz": "II"
        }}
        ,
         
        {"nome": "Eufónio",
         "partitura": {
            "path": "ABBAgold-eufonio.pdf"
        
        }}
        ,
         
        {"nome": "Flauta",
         "partitura": {
            "path": "ABBAgold-flauta1-2.pdf"
        , "voz": "I"
        }}
        ,
         
        {"nome": "Flauta",
         "partitura": {
            "path": "ABBAgold-flauta1-2.pdf"
        , "voz": "II"
        }}
        ,
         
        {"nome": "Fliscorne",
         "partitura": {
            "path": "ABBAgold-fliscorne1.pdf"
        , "voz": "I"
        }}
        ,
         
        {"nome": "Fliscorne",
         "partitura": {
            "path": "ABBAgold-fliscorne2.pdf"
        , "voz": "II"
        }}
        ,
         
        {"nome": "Maestro",
         "partitura": {
            "path": "ABBAgold-maestro.pdf"
        
        }}
        ,
         
        {"nome": "Oboé",
         "partitura": {
            "path": "ABBAgold-oboe.pdf"
        
        }}
        ,
         
        {"nome": "Percussão",
         "partitura": {
            "path": "ABBAgold-percussao1.pdf"
        , "voz": "I"
        }}
        ,
         
        {"nome": "Percussão",
         "partitura": {
            "path": "ABBAgold-percussao2.pdf"
        , "voz": "II"
        }}
        ,
         
        {"nome": "Requinta",
         "partitura": {
            "path": "ABBAgold-requinta.pdf"
        
        }}
        ,
         
        {"nome": "Sax Alto",
         "partitura": {
            "path": "ABBAgold-saxA1.pdf"
        , "voz": "I"
        }}
        ,
         
        {"nome": "Sax Alto",
         "partitura": {
            "path": "ABBAgold-saxA2.pdf"
        , "voz": "II"
        }}
        ,
         
        {"nome": "Sax Barítono",
         "partitura": {
            "path": "ABBAgold-saxB.pdf"
        
        }}
        ,
         
        {"nome": "Sax Soprano",
         "partitura": {
            "path": "ABBAgold-saxS.pdf"
        
        }}
        ,
         
        {"nome": "Sax Tenor",
         "partitura": {
            "path": "ABBAgold-saxT.pdf"
        
        }}
        ,
         
        {"nome": "Tímpanos",
         "partitura": {
            "path": "ABBAgold-timpanos.pdf"
        
        }}
        ,
         
        {"nome": "Trombone",
         "partitura": {
            "path": "ABBAgold-trombone1.pdf"
        , "voz": "I"
        }}
        ,
         
        {"nome": "Trombone",
         "partitura": {
            "path": "ABBAgold-trombone2.pdf"
        , "voz": "II"
        }}
        ,
         
        {"nome": "Trombone",
         "partitura": {
            "path": "ABBAgold-trombone3.pdf"
        , "voz": "III"
        }}
        ,
         
        {"nome": "Trompa",
         "partitura": {
            "path": "ABBAgold-trompa1-2.pdf"
        , "voz": "I"
        }}
        ,
         
        {"nome": "Trompa",
         "partitura": {
            "path": "ABBAgold-trompa1-2.pdf"
        , "voz": "II"
        }}
        ,
         
        {"nome": "Trompa",
         "partitura": {
            "path": "ABBAgold-trompa3.pdf"
        , "voz": "III"
        }}
        ,
         
        {"nome": "Trompa",
         "partitura": {
            "path": "ABBAgold-trompa4.pdf"
        , "voz": "IV"
        }}
        ,
         
        {"nome": "Trompete",
         "partitura": {
            "path": "ABBAgold-trompete1.pdf"
        , "voz": "I"
        }}
        ,
         
        {"nome": "Trompete",
         "partitura": {
            "path": "ABBAgold-trompete2.pdf"
        , "voz": "II"
        }}
        ,
         
        {"nome": "Trompete",
         "partitura": {
            "path": "ABBAgold-trompete3.pdf"
        , "voz": "III"
        }}
        ,
         
        {"nome": "Tuba",
         "partitura": {
            "path": "ABBAgold-tuba.pdf"
        
        }}
        
      ]
     
   }
    