
        {
        "_id": "m58",
        
            "pasta": "Gibraltar",
        
      
        "titulo": "Gibraltar",
    
      
        "tipo": "Marcha de Concerto/Pasodoble",
    
      
        "compositor": "Richard Waterer",
    
      
         
      
      
        "instrumentos": [
         
        {"nome": "Bombo",
         "partitura": {
            "path": "Gibraltar-bombo.pdf"
        
        }}
        ,
         
        {"nome": "Caixa",
         "partitura": {
            "path": "Gibraltar-caixa.pdf"
        
        }}
        ,
         
        {"nome": "Clarinete Baixo",
         "partitura": {
            "path": "Gibraltar-clarinete-baixo.pdf"
        
        }}
        ,
         
        {"nome": "Clarinete",
         "partitura": {
            "path": "Gibraltar-clarinete1.pdf"
        , "voz": "I"
        }}
        ,
         
        {"nome": "Clarinete",
         "partitura": {
            "path": "Gibraltar-clarinete2.pdf"
        , "voz": "II"
        }}
        ,
         
        {"nome": "Clarinete",
         "partitura": {
            "path": "Gibraltar-clarinete3.pdf"
        , "voz": "III"
        }}
        ,
         
        {"nome": "Corneta",
         "partitura": {
            "path": "Gibraltar-corneta1.pdf"
        , "voz": "I"
        }}
        ,
         
        {"nome": "Corneta",
         "partitura": {
            "path": "Gibraltar-corneta2.pdf"
        , "voz": "II"
        }}
        ,
         
        {"nome": "Corneta",
         "partitura": {
            "path": "Gibraltar-corneta3.pdf"
        , "voz": "III"
        }}
        ,
         
        {"nome": "Eufónio",
         "partitura": {
            "path": "Gibraltar-eufonio.pdf"
        , "clave": "Fá"
        }}
        ,
         
        {"nome": "Eufónio",
         "partitura": {
            "path": "Gibraltar-eufonio-sol.pdf"
        , "clave": "Sol"
        }}
        ,
         
        {"nome": "Fagote",
         "partitura": {
            "path": "Gibraltar-fagote.pdf"
        
        }}
        ,
         
        {"nome": "Flauta",
         "partitura": {
            "path": "Gibraltar-flauta-flautim.pdf"
        
        }}
        ,
         
        {"nome": "Flautim",
         "partitura": {
            "path": "Gibraltar-flauta-flautim.pdf"
        
        }}
        ,
         
        {"nome": "Maestro",
         "partitura": {
            "path": "Gibraltar-maestro.pdf"
        
        }}
        ,
         
        {"nome": "Oboé",
         "partitura": {
            "path": "Gibraltar-oboe.pdf"
        
        }}
        ,
         
        {"nome": "Pratos",
         "partitura": {
            "path": "Gibraltar-pratos.pdf"
        
        }}
        ,
         
        {"nome": "Requinta",
         "partitura": {
            "path": "Gibraltar-requinta.pdf"
        
        }}
        ,
         
        {"nome": "Sax Alto",
         "partitura": {
            "path": "Gibraltar-saxA1-2.pdf"
        , "voz": "I"
        }}
        ,
         
        {"nome": "Sax Alto",
         "partitura": {
            "path": "Gibraltar-saxA1-2.pdf"
        , "voz": "II"
        }}
        ,
         
        {"nome": "Sax Barítono",
         "partitura": {
            "path": "Gibraltar-saxB.pdf"
        
        }}
        ,
         
        {"nome": "Sax Tenor",
         "partitura": {
            "path": "Gibraltar-saxT.pdf"
        
        }}
        ,
         
        {"nome": "Tímpanos",
         "partitura": {
            "path": "Gibraltar-timpanos.pdf"
        
        }}
        ,
         
        {"nome": "Trombone Baixo",
         "partitura": {
            "path": "Gibraltar-trombone-baixo.pdf"
        
        }}
        ,
         
        {"nome": "Trombone",
         "partitura": {
            "path": "Gibraltar-trombone1.pdf"
        , "voz": "I"
        }}
        ,
         
        {"nome": "Trombone",
         "partitura": {
            "path": "Gibraltar-trombone2.pdf"
        , "voz": "II"
        }}
        ,
         
        {"nome": "Trompa",
         "partitura": {
            "path": "Gibraltar-trompa1-2.pdf"
        , "voz": "I"
        }}
        ,
         
        {"nome": "Trompa",
         "partitura": {
            "path": "Gibraltar-trompa1-2.pdf"
        , "voz": "II"
        }}
        ,
         
        {"nome": "Trompa",
         "partitura": {
            "path": "Gibraltar-trompa3-4.pdf"
        , "voz": "III"
        }}
        ,
         
        {"nome": "Trompa",
         "partitura": {
            "path": "Gibraltar-trompa3-4.pdf"
        , "voz": "IV"
        }}
        ,
         
        {"nome": "Tuba",
         "partitura": {
            "path": "Gibraltar-tuba.pdf"
        , "clave": "Fá", "afinacao": "Sib"
        }}
        ,
         
        {"nome": "Tuba",
         "partitura": {
            "path": "Gibraltar-tuba-sol-sib.pdf"
        , "clave": "Sol", "afinacao": "Sib"
        }}
        ,
         
        {"nome": "Xilofone",
         "partitura": {
            "path": "Gibraltar-xilofone.pdf"
        
        }}
        
      ]
    
   }
    