
        {
        "_id": "m59",
        
            "pasta": "MomentMorricone",
        
      
        "titulo": "Moment for Morricone",
    
      
        "subtitulo": ""The Good,the Bad and the ugly./ Once upon a time in the West."",
    
      
        "tipo": "Ligeiro/Fantasia",
    
      
        "compositor": "Ennio Morricone",
    
      
        "arranjo": "Johan de Mey",
    
      
         
      
      
        "instrumentos": [
         
        {"nome": "Clarinete Baixo",
         "partitura": {
            "path": "MomentMorricone-clarinete-baixo.pdf"
        
        }}
        ,
         
        {"nome": "Clarinete",
         "partitura": {
            "path": "MomentMorricone-clarinete1.pdf"
        , "voz": "I"
        }}
        ,
         
        {"nome": "Clarinete",
         "partitura": {
            "path": "MomentMorricone-clarinete2.pdf"
        , "voz": "II"
        }}
        ,
         
        {"nome": "Clarinete",
         "partitura": {
            "path": "MomentMorricone-clarinete3.pdf"
        , "voz": "III"
        }}
        ,
         
        {"nome": "Eufónio",
         "partitura": {
            "path": "MomentMorricone-eufonio.pdf"
        
        }}
        ,
         
        {"nome": "Fagote",
         "partitura": {
            "path": "MomentMorricone-fagote.pdf"
        
        }}
        ,
         
        {"nome": "Flauta",
         "partitura": {
            "path": "MomentMorricone-flauta.pdf"
        
        }}
        ,
         
        {"nome": "Fliscorne",
         "partitura": {
            "path": "MomentMorricone-fliscorne1.pdf"
        , "voz": "I"
        }}
        ,
         
        {"nome": "Fliscorne",
         "partitura": {
            "path": "MomentMorricone-fliscorne2-3.pdf"
        , "voz": "II"
        }}
        ,
         
        {"nome": "Fliscorne",
         "partitura": {
            "path": "MomentMorricone-fliscorne2-3.pdf"
        , "voz": "III"
        }}
        ,
         
        {"nome": "Maestro",
         "partitura": {
            "path": "MomentMorricone-maestro.pdf"
        
        }}
        ,
         
        {"nome": "Oboé",
         "partitura": {
            "path": "MomentMorricone-oboe.pdf"
        
        }}
        ,
         
        {"nome": "Percussão",
         "partitura": {
            "path": "MomentMorricone-percussao1.pdf"
        , "voz": "I"
        }}
        ,
         
        {"nome": "Percussão",
         "partitura": {
            "path": "MomentMorricone-percussao2.pdf"
        , "voz": "II"
        }}
        ,
         
        {"nome": "Requinta",
         "partitura": {
            "path": "MomentMorricone-requinta.pdf"
        
        }}
        ,
         
        {"nome": "Sax Alto",
         "partitura": {
            "path": "MomentMorricone-saxA.pdf"
        
        }}
        ,
         
        {"nome": "Sax Barítono",
         "partitura": {
            "path": "MomentMorricone-saxB.pdf"
        
        }}
        ,
         
        {"nome": "Sax Soprano",
         "partitura": {
            "path": "MomentMorricone-saxS.pdf"
        
        }}
        ,
         
        {"nome": "Sax Tenor",
         "partitura": {
            "path": "MomentMorricone-saxT.pdf"
        
        }}
        ,
         
        {"nome": "Tímpanos",
         "partitura": {
            "path": "MomentMorricone-timpanos.pdf"
        
        }}
        ,
         
        {"nome": "Trombone",
         "partitura": {
            "path": "MomentMorricone-trombone1.pdf"
        , "voz": "I"
        }}
        ,
         
        {"nome": "Trombone",
         "partitura": {
            "path": "MomentMorricone-trombone2.pdf"
        , "voz": "II"
        }}
        ,
         
        {"nome": "Trombone",
         "partitura": {
            "path": "MomentMorricone-trombone3.pdf"
        , "voz": "III"
        }}
        ,
         
        {"nome": "Trompa",
         "partitura": {
            "path": "MomentMorricone-trompa1.pdf"
        , "voz": "I"
        }}
        ,
         
        {"nome": "Trompa",
         "partitura": {
            "path": "MomentMorricone-trompa2.pdf"
        , "voz": "II"
        }}
        ,
         
        {"nome": "Trompa",
         "partitura": {
            "path": "MomentMorricone-trompa3.pdf"
        , "voz": "III"
        }}
        ,
         
        {"nome": "Trompete",
         "partitura": {
            "path": "MomentMorricone-trompete1.pdf"
        , "voz": "I"
        }}
        ,
         
        {"nome": "Trompete",
         "partitura": {
            "path": "MomentMorricone-trompete2.pdf"
        , "voz": "II"
        }}
        ,
         
        {"nome": "Trompete",
         "partitura": {
            "path": "MomentMorricone-trompete3.pdf"
        , "voz": "III"
        }}
        ,
         
        {"nome": "Tuba",
         "partitura": {
            "path": "MomentMorricone-tuba-sol.pdf"
        , "clave": "Sol"
        }}
        
      ]
    
   }
    