
        {
        "_id": "m6",
        
            "pasta": "SMartinho",
        
      
        "titulo": "São Martinho",
    
      
        "tipo": "Marcha de Procissão",
    
      
        "compositor": "Carlos Marques",
    
      
        "instrumentos": [
         
        {"nome": "Sax Barítono",
         "partitura": {
            "path": "SMartinho-saxB.pdf"
        
        }}
        ,
         
        {"nome": "Bombo",
         "partitura": {
            "path": "SMartinho-bombo-pratos.pdf"
        
        }}
        ,
         
        {"nome": "Pratos",
         "partitura": {
            "path": "SMartinho-bombo-pratos.pdf"
        
        }}
        ,
         
        {"nome": "Caixa",
         "partitura": {
            "path": "SMartinho-caixa.pdf"
        
        }}
        ,
         
        {"nome": "Clarinete",
         "partitura": {
            "path": "SMartinho-clarinete1.pdf"
        , "voz": "I"
        }}
        ,
         
        {"nome": "Clarinete",
         "partitura": {
            "path": "SMartinho-clarinete2.pdf"
        , "voz": "II"
        }}
        ,
         
        {"nome": "Clarinete",
         "partitura": {
            "path": "SMartinho-clarinete3.pdf"
        , "voz": "III"
        }}
        ,
         
        {"nome": "Eufónio",
         "partitura": {
            "path": "SMartinho-eufonio.pdf"
        
        }}
        ,
         
        {"nome": "Flauta",
         "partitura": {
            "path": "SMartinho-flauta.pdf"
        
        }}
        ,
         
        {"nome": "Lira",
         "partitura": {
            "path": "SMartinho-lira.pdf"
        
        }}
        ,
         
        {"nome": "Maestro",
         "partitura": {
            "path": "SMartinho-maestro.pdf"
        
        }}
        ,
         
        {"nome": "Sax Alto",
         "partitura": {
            "path": "SMartinho-saxA.pdf"
        
        }}
        ,
         
        {"nome": "Sax Soprano",
         "partitura": {
            "path": "SMartinho-saxS.pdf"
        
        }}
        ,
         
        {"nome": "Sax Tenor",
         "partitura": {
            "path": "SMartinho-saxT.pdf"
        
        }}
        ,
         
        {"nome": "Trombone",
         "partitura": {
            "path": "SMartinho-trombone1.pdf"
        , "voz": "I"
        }}
        ,
         
        {"nome": "Trombone",
         "partitura": {
            "path": "SMartinho-trombone2.pdf"
        , "voz": "II"
        }}
        ,
         
        {"nome": "Trombone",
         "partitura": {
            "path": "SMartinho-trombone3.pdf"
        , "voz": "III"
        }}
        ,
         
        {"nome": "Trompa",
         "partitura": {
            "path": "SMartinho-trompa1.pdf"
        , "voz": "I"
        }}
        ,
         
        {"nome": "Trompa",
         "partitura": {
            "path": "SMartinho-trompa2.pdf"
        , "voz": "II"
        }}
        ,
         
        {"nome": "Trompa",
         "partitura": {
            "path": "SMartinho-trompa.pdf"
        
        }}
        ,
         
        {"nome": "Trompete",
         "partitura": {
            "path": "SMartinho-trompete1.pdf"
        , "voz": "I"
        }}
        ,
         
        {"nome": "Trompete",
         "partitura": {
            "path": "SMartinho-trompete2.pdf"
        , "voz": "II"
        }}
        ,
         
        {"nome": "Trompete",
         "partitura": {
            "path": "SMartinho-trompete3.pdf"
        , "voz": "III"
        }}
        ,
         
        {"nome": "Tuba",
         "partitura": {
            "path": "SMartinho-tuba-sol.pdf"
        , "clave": "Sol"
        }}
        ,
         
        {"nome": "Tuba",
         "partitura": {
            "path": "SMartinho-tuba.pdf"
        
        }}
        
      ]
    
   }
    