
        {
        "_id": "m62",
        
            "pasta": "ImmerKleiner",
        
      
        "titulo": "Immer Kleiner",
    
      
        "subtitulo": "Always Smaller",
    
      
        "tipo": "Ligeiro/Fantasia",
    
      
        "compositor": "Adolf Schreiner",
    
      
        "editado": "George S. Howard",
    
      
        "instrumentos": [
         
        {"nome": "Clarinete",
         "partitura": {
            "path": "ImmerKleiner-clarinete-solo.pdf"
        , "voz": "Solo"
        }}
        ,
         
        {"nome": "Clarinete",
         "partitura": {
            "path": "ImmerKleiner-clarinete1.pdf"
        , "voz": "I"
        }}
        ,
         
        {"nome": "Clarinete",
         "partitura": {
            "path": "ImmerKleiner-clarinete2-3.pdf"
        , "voz": "II"
        }}
        ,
         
        {"nome": "Clarinete",
         "partitura": {
            "path": "ImmerKleiner-clarinete2-3.pdf"
        , "voz": "III"
        }}
        ,
         
        {"nome": "Clarinete",
         "partitura": {
            "path": "ImmerKleiner-clarinete3a.pdf"
        , "voz": "IIIa"
        }}
        ,
         
        {"nome": "Clarinete",
         "partitura": {
            "path": "ImmerKleiner-clarinete3b.pdf"
        , "voz": "IIIb"
        }}
        ,
         
        {"nome": "Corneta",
         "partitura": {
            "path": "ImmerKleiner-corneta2-3.pdf"
        , "voz": "II"
        }}
        ,
         
        {"nome": "Corneta",
         "partitura": {
            "path": "ImmerKleiner-corneta2-3.pdf"
        , "voz": "III"
        }}
        ,
         
        {"nome": "Eufónio",
         "partitura": {
            "path": "ImmerKleiner-eufonio.pdf"
        
        }}
        ,
         
        {"nome": "Fagote",
         "partitura": {
            "path": "ImmerKleiner-fagote1-2.pdf"
        , "voz": "I"
        }}
        ,
         
        {"nome": "Fagote",
         "partitura": {
            "path": "ImmerKleiner-fagote1-2.pdf"
        , "voz": "II"
        }}
        ,
         
        {"nome": "Flauta",
         "partitura": {
            "path": "ImmerKleiner-flauta1-2-flautim.pdf"
        , "voz": "I"
        }}
        ,
         
        {"nome": "Flauta",
         "partitura": {
            "path": "ImmerKleiner-flauta1-2-flautim.pdf"
        , "voz": "II"
        }}
        ,
         
        {"nome": "Flautim",
         "partitura": {
            "path": "ImmerKleiner-flauta1-2-flautim.pdf"
        
        }}
        ,
         
        {"nome": "Maestro",
         "partitura": {
            "path": "ImmerKleiner-maestro.pdf"
        
        }}
        ,
         
        {"nome": "Oboé",
         "partitura": {
            "path": "ImmerKleiner-oboe.pdf"
        
        }}
        ,
         
        {"nome": "Percussão",
         "partitura": {
            "path": "ImmerKleiner-percussao.pdf"
        
        }}
        ,
         
        {"nome": "Requinta",
         "partitura": {
            "path": "ImmerKleiner-requinta.pdf"
        
        }}
        ,
         
        {"nome": "Sax Alto",
         "partitura": {
            "path": "ImmerKleiner-saxA.pdf"
        
        }}
        ,
         
        {"nome": "Sax Barítono",
         "partitura": {
            "path": "ImmerKleiner-saxB.pdf"
        
        }}
        ,
         
        {"nome": "Sax Soprano",
         "partitura": {
            "path": "ImmerKleiner-saxS.pdf"
        
        }}
        ,
         
        {"nome": "Sax Tenor",
         "partitura": {
            "path": "ImmerKleiner-saxT.pdf"
        
        }}
        ,
         
        {"nome": "Tímpanos",
         "partitura": {
            "path": "ImmerKleiner-timpanos.pdf"
        
        }}
        ,
         
        {"nome": "Trombone",
         "partitura": {
            "path": "ImmerKleiner-trombone1-2.pdf"
        , "voz": "I"
        }}
        ,
         
        {"nome": "Trombone",
         "partitura": {
            "path": "ImmerKleiner-trombone1-2.pdf"
        , "voz": "II"
        }}
        ,
         
        {"nome": "Trombone",
         "partitura": {
            "path": "ImmerKleiner-trombone3.pdf"
        , "voz": "III"
        }}
        ,
         
        {"nome": "Trompa",
         "partitura": {
            "path": "ImmerKleiner-trompa1-2.pdf"
        , "voz": "I"
        }}
        ,
         
        {"nome": "Trompa",
         "partitura": {
            "path": "ImmerKleiner-trompa1-2.pdf"
        , "voz": "II"
        }}
        ,
         
        {"nome": "Trompa",
         "partitura": {
            "path": "ImmerKleiner-trompa3-4.pdf"
        , "voz": "III"
        }}
        ,
         
        {"nome": "Trompa",
         "partitura": {
            "path": "ImmerKleiner-trompa3-4.pdf"
        , "voz": "IV"
        }}
        ,
         
        {"nome": "Tuba",
         "partitura": {
            "path": "ImmerKleiner-tuba.pdf"
        
        }}
        
      ]
    
   }
    