
        {
        "_id": "m63",
        
            "pasta": "FilhosNacao",
        
      
        "titulo": "Filhos da Nação",
    
      
        "tipo": "Marcha de Desfile",
    
      
        "compositor": "Quinta do Bill",
    
      
        "instrumentos": [
         
        {"nome": "Clarinete",
         "partitura": {
            "path": "FilhosNacao-clarinete1.pdf"
        , "voz": "I"
        }}
        ,
         
        {"nome": "Clarinete",
         "partitura": {
            "path": "FilhosNacao-clarinete2.pdf"
        , "voz": "II"
        }}
        ,
         
        {"nome": "Eufónio",
         "partitura": {
            "path": "FilhosNacao-eufonio.pdf"
        
        }}
        ,
         
        {"nome": "Flauta",
         "partitura": {
            "path": "FilhosNacao-flauta.pdf"
        
        }}
        ,
         
        {"nome": "Maestro",
         "partitura": {
            "path": "FilhosNacao-maestro.pdf"
        
        }}
        ,
         
        {"nome": "Sax Alto",
         "partitura": {
            "path": "FilhosNacao-saxA.pdf"
        
        }}
        ,
         
        {"nome": "Sax Barítono",
         "partitura": {
            "path": "FilhosNacao-saxB.pdf"
        
        }}
        ,
         
        {"nome": "Sax Tenor",
         "partitura": {
            "path": "FilhosNacao-saxT.pdf"
        
        }}
        ,
         
        {"nome": "Trombone",
         "partitura": {
            "path": "FilhosNacao-trombone1-fa.pdf"
        , "voz": "I", "clave": "Fá"
        }}
        ,
         
        {"nome": "Trombone",
         "partitura": {
            "path": "FilhosNacao-trombone1-sol.pdf"
        , "voz": "I", "clave": "Sol"
        }}
        ,
         
        {"nome": "Trombone",
         "partitura": {
            "path": "FilhosNacao-trombone2-fa.pdf"
        , "voz": "II", "clave": "Fá"
        }}
        ,
         
        {"nome": "Trombone",
         "partitura": {
            "path": "FilhosNacao-trombone2-sol.pdf"
        , "voz": "II", "clave": "Sol"
        }}
        ,
         
        {"nome": "Trombone",
         "partitura": {
            "path": "FilhosNacao-trombone3-fa.pdf"
        , "voz": "III", "clave": "Fá"
        }}
        ,
         
        {"nome": "Trombone",
         "partitura": {
            "path": "FilhosNacao-trombone3.pdf"
        , "voz": "III"
        }}
        ,
         
        {"nome": "Trompete",
         "partitura": {
            "path": "FilhosNacao-trombone1.pdf"
        , "voz": "I"
        }}
        ,
         
        {"nome": "Trompete",
         "partitura": {
            "path": "FilhosNacao-trombone2.pdf"
        , "voz": "II"
        }}
        ,
         
        {"nome": "Tuba",
         "partitura": {
            "path": "FilhosNacao-tuba.pdf"
        
        }}
        
      ]
    
   }
    