
        {
        "_id": "m64",
        
            "pasta": "HorizonteRazao",
        
      
        "titulo": "Horizonte da Razão",
    
      
        "tipo": "Marcha de Concerto/Pasodoble",
    
      
        "compositor": "Alexandre Fonseca",
    
      
        "instrumentos": [
         
        {"nome": "Bateria",
         "partitura": {
            "path": "HorizonteRazao-bateria.pdf"
        
        }}
        ,
         
        {"nome": "Caixa",
         "partitura": {
            "path": "HorizonteRazao-caixa.pdf"
        
        }}
        ,
         
        {"nome": "Clarinete Baixo",
         "partitura": {
            "path": "HorizonteRazao-clarinete-baixo.pdf"
        
        }}
        ,
         
        {"nome": "Clarinete",
         "partitura": {
            "path": "HorizonteRazao-clarinete1.pdf"
        , "voz": "I"
        }}
        ,
         
        {"nome": "Clarinete",
         "partitura": {
            "path": "HorizonteRazao-clarinete2.pdf"
        , "voz": "II"
        }}
        ,
         
        {"nome": "Clarinete",
         "partitura": {
            "path": "HorizonteRazao-clarinete3.pdf"
        , "voz": "III"
        }}
        ,
         
        {"nome": "Eufónio",
         "partitura": {
            "path": "HorizonteRazao-eufonio.pdf"
        
        }}
        ,
         
        {"nome": "Flauta",
         "partitura": {
            "path": "HorizonteRazao-flauta.pdf"
        
        }}
        ,
         
        {"nome": "Maestro",
         "partitura": {
            "path": "HorizonteRazao-maestro.pdf"
        
        }}
        ,
         
        {"nome": "Oboé",
         "partitura": {
            "path": "HorizonteRazao-oboe.pdf"
        
        }}
        ,
         
        {"nome": "Requinta",
         "partitura": {
            "path": "HorizonteRazao-requinta.pdf"
        
        }}
        ,
         
        {"nome": "Sax Alto",
         "partitura": {
            "path": "HorizonteRazao-saxA.pdf"
        
        }}
        ,
         
        {"nome": "Sax Barítono",
         "partitura": {
            "path": "HorizonteRazao-saxB.pdf"
        
        }}
        ,
         
        {"nome": "Sax Tenor",
         "partitura": {
            "path": "HorizonteRazao-saxT.pdf"
        
        }}
        ,
         
        {"nome": "Tímpanos",
         "partitura": {
            "path": "HorizonteRazao-timpanos.pdf"
        
        }}
        ,
         
        {"nome": "Trombone",
         "partitura": {
            "path": "HorizonteRazao-trombone.pdf"
        
        }}
        ,
         
        {"nome": "Trompa",
         "partitura": {
            "path": "HorizonteRazao-trompa.pdf"
        
        }}
        ,
         
        {"nome": "Trompete",
         "partitura": {
            "path": "HorizonteRazao-trompete1.pdf"
        , "voz": "I"
        }}
        ,
         
        {"nome": "Trompete",
         "partitura": {
            "path": "HorizonteRazao-trompete2.pdf"
        , "voz": "II"
        }}
        ,
         
        {"nome": "Trompete",
         "partitura": {
            "path": "HorizonteRazao-trompete3.pdf"
        , "voz": "III"
        }}
        ,
         
        {"nome": "Tuba",
         "partitura": {
            "path": "HorizonteRazao-trombone.pdf"
        
        }}
        
      ]
    
   }
    