
        {
        "_id": "m71",
        
            "pasta": "Jerusalen",
        
      
        "titulo": "Jerusalen",
    
      
        "tipo": "Marcha de Procissão",
    
      
        "compositor": "José Velez Garcia",
    
      
         
      
      
        "instrumentos": [
         
        {"nome": "Contrabaixo",
         "partitura": {
            "path": "Jerusalen-baixo-do.pdf"
        , "afinacao": "Dó"
        }}
        ,
         
        {"nome": "Bombo",
         "partitura": {
            "path": "Jerusalen-bombo.pdf"
        
        }}
        ,
         
        {"nome": "Caixa",
         "partitura": {
            "path": "Jerusalen-caixa.pdf"
        
        }}
        ,
         
        {"nome": "Clarinete Baixo",
         "partitura": {
            "path": "Jerusalen-clarinete-baixo.pdf"
        
        }}
        ,
         
        {"nome": "Clarinete",
         "partitura": {
            "path": "Jerusalen-clarinete-solo.pdf"
        , "voz": "Solo"
        }}
        ,
         
        {"nome": "Clarinete",
         "partitura": {
            "path": "Jerusalen-clarinete1.pdf"
        , "voz": "I"
        }}
        ,
         
        {"nome": "Clarinete",
         "partitura": {
            "path": "Jerusalen-clarinete2.pdf"
        , "voz": "II"
        }}
        ,
         
        {"nome": "Clarinete",
         "partitura": {
            "path": "Jerusalen-clarinete3.pdf"
        , "voz": "III"
        }}
        ,
         
        {"nome": "Eufónio",
         "partitura": {
            "path": "Jerusalen-eufonio1-fa-do.pdf"
        , "voz": "I", "clave": "Fá", "afinacao": "Dó"
        }}
        ,
         
        {"nome": "Eufónio",
         "partitura": {
            "path": "Jerusalen-eufonio2-fa-do.pdf"
        , "voz": "II", "clave": "Fá", "afinacao": "Dó"
        }}
        ,
         
        {"nome": "Fagote",
         "partitura": {
            "path": "Jerusalen-fagote.pdf"
        
        }}
        ,
         
        {"nome": "Flauta",
         "partitura": {
            "path": "Jerusalen-flauta1.pdf"
        , "voz": "I"
        }}
        ,
         
        {"nome": "Flauta",
         "partitura": {
            "path": "Jerusalen-flauta2.pdf"
        , "voz": "II"
        }}
        ,
         
        {"nome": "Fliscorne",
         "partitura": {
            "path": "Jerusalen-fliscorne1.pdf"
        , "voz": "I"
        }}
        ,
         
        {"nome": "Fliscorne",
         "partitura": {
            "path": "Jerusalen-fliscorne2.pdf"
        , "voz": "II"
        }}
        ,
         
        {"nome": "Oboé",
         "partitura": {
            "path": "Jerusalen-oboe.pdf"
        
        }}
        ,
         
        {"nome": "Requinta",
         "partitura": {
            "path": "Jerusalen-requinta.pdf"
        
        }}
        ,
         
        {"nome": "Sax Alto",
         "partitura": {
            "path": "Jerusalen-saxA1.pdf"
        , "voz": "I"
        }}
        ,
         
        {"nome": "Sax Alto",
         "partitura": {
            "path": "Jerusalen-saxA2.pdf"
        , "voz": "II"
        }}
        ,
         
        {"nome": "Sax Tenor",
         "partitura": {
            "path": "Jerusalen-saxT1.pdf"
        , "voz": "I"
        }}
        ,
         
        {"nome": "Sax Tenor",
         "partitura": {
            "path": "Jerusalen-saxT2.pdf"
        , "voz": "II"
        }}
        ,
         
        {"nome": "Sax Barítono",
         "partitura": {
            "path": "Jerusalen-saxB.pdf"
        
        }}
        ,
         
        {"nome": "Tímpanos",
         "partitura": {
            "path": "Jerusalen-timpanos.pdf"
        
        }}
        ,
         
        {"nome": "Trombone",
         "partitura": {
            "path": "Jerusalen-trombone1.pdf"
        , "voz": "I"
        }}
        ,
         
        {"nome": "Trombone",
         "partitura": {
            "path": "Jerusalen-trombone2.pdf"
        , "voz": "II"
        }}
        ,
         
        {"nome": "Trombone",
         "partitura": {
            "path": "Jerusalen-trombone3.pdf"
        , "voz": "III"
        }}
        ,
         
        {"nome": "Trompa",
         "partitura": {
            "path": "Jerusalen-trompa1.pdf"
        , "voz": "I"
        }}
        ,
         
        {"nome": "Trompa",
         "partitura": {
            "path": "Jerusalen-trompa2.pdf"
        , "voz": "II"
        }}
        ,
         
        {"nome": "Trompa",
         "partitura": {
            "path": "Jerusalen-trompa3.pdf"
        , "voz": "III"
        }}
        ,
         
        {"nome": "Trompete",
         "partitura": {
            "path": "Jerusalen-trompete1.pdf"
        , "voz": "I"
        }}
        ,
         
        {"nome": "Trompete",
         "partitura": {
            "path": "Jerusalen-trompete2.pdf"
        , "voz": "II"
        }}
        ,
         
        {"nome": "Trompete",
         "partitura": {
            "path": "Jerusalen-trompete3.pdf"
        , "voz": "III"
        }}
        
      ]
    
   }
    