
        {
        "_id": "m72",
        
            "pasta": "SJoao",
        
      
        "titulo": "S. João de Braga",
    
      
        "tipo": "Marcha de Desfile",
    
      
        "compositor": "Popular",
    
      
        "instrumentos": [
         
        {"nome": "Bombo",
         "partitura": {
            "path": "SJoao-bombo-pratos.pdf"
        
        }}
        ,
         
        {"nome": "Pratos",
         "partitura": {
            "path": "SJoao-bombo-pratos.pdf"
        
        }}
        ,
         
        {"nome": "Caixa",
         "partitura": {
            "path": "SJoao-caixa.pdf"
        
        }}
        ,
         
        {"nome": "Clarinete",
         "partitura": {
            "path": "SJoao-clarinete1.pdf"
        , "voz": "I"
        }}
        ,
         
        {"nome": "Clarinete",
         "partitura": {
            "path": "SJoao-clarinete2.pdf"
        , "voz": "II"
        }}
        ,
         
        {"nome": "Clarinete",
         "partitura": {
            "path": "SJoao-clarinete3.pdf"
        , "voz": "III"
        }}
        ,
         
        {"nome": "Eufónio",
         "partitura": {
            "path": "SJoao-eufonio1.pdf"
        , "voz": "I"
        }}
        ,
         
        {"nome": "Eufónio",
         "partitura": {
            "path": "SJoao-eufonio2.pdf"
        , "voz": "II"
        }}
        ,
         
        {"nome": "Flauta",
         "partitura": {
            "path": "SJoao-flauta.pdf"
        
        }}
        ,
         
        {"nome": "Fliscorne",
         "partitura": {
            "path": "SJoao-fliscorne1.pdf"
        
        }}
        ,
         
        {"nome": "Sax Alto",
         "partitura": {
            "path": "SJoao-saxA1.pdf"
        , "voz": "I"
        }}
        ,
         
        {"nome": "Sax Alto",
         "partitura": {
            "path": "SJoao-saxA2.pdf"
        , "voz": "II"
        }}
        ,
         
        {"nome": "Sax Barítono",
         "partitura": {
            "path": "SJoao-saxB-dig.pdf"
        , "voz": "Original"
        }}
        ,
         
        {"nome": "Sax Barítono",
         "partitura": {
            "path": "SJoao-saxB.pdf"
        
        }}
        ,
         
        {"nome": "Sax Soprano",
         "partitura": {
            "path": "SJoao-saxS.pdf"
        
        }}
        ,
         
        {"nome": "Sax Tenor",
         "partitura": {
            "path": "SJoao-saxT1.pdf"
        , "voz": "I"
        }}
        ,
         
        {"nome": "Sax Tenor",
         "partitura": {
            "path": "SJoao-saxT2.pdf"
        , "voz": "II"
        }}
        ,
         
        {"nome": "Trombone",
         "partitura": {
            "path": "SJoao-trombone1.pdf"
        , "voz": "I"
        }}
        ,
         
        {"nome": "Trombone",
         "partitura": {
            "path": "SJoao-trombone2.pdf"
        , "voz": "II"
        }}
        ,
         
        {"nome": "Trombone",
         "partitura": {
            "path": "SJoao-trombone3.pdf"
        , "voz": "III"
        }}
        ,
         
        {"nome": "Trompa",
         "partitura": {
            "path": "SJoao-trompa1.pdf"
        , "voz": "I"
        }}
        ,
         
        {"nome": "Trompa",
         "partitura": {
            "path": "SJoao-trompa2.pdf"
        , "voz": "II"
        }}
        ,
         
        {"nome": "Trompete",
         "partitura": {
            "path": "SJoao-trompete1.pdf"
        , "voz": "I"
        }}
        ,
         
        {"nome": "Trompete",
         "partitura": {
            "path": "SJoao-trompete2.pdf"
        , "voz": "II"
        }}
        
      ]
    
   }
    