
        {
        "_id": "m73",
        
            "pasta": "HinoPortugal",
        
      
        "titulo": "A Portuguesa",
    
      
        "tipo": "Marcha de Desfile",
    
      
        "compositor": "Alfredo Keil",
    
      
        "instrumentos": [
         
        {"nome": "Clarinete Alto",
         "partitura": {
            "path": "HinoPortugal-clarinete-alto.pdf"
        
        }}
        ,
         
        {"nome": "Clarinete Baixo",
         "partitura": {
            "path": "HinoPortugal-clarinete-baixo.pdf"
        
        }}
        ,
         
        {"nome": "Clarinete",
         "partitura": {
            "path": "HinoPortugal-clarinete1.pdf"
        , "voz": "I"
        }}
        ,
         
        {"nome": "Clarinete",
         "partitura": {
            "path": "HinoPortugal-clarinete2.pdf"
        , "voz": "II"
        }}
        ,
         
        {"nome": "Clarinete",
         "partitura": {
            "path": "HinoPortugal-clarinete3.pdf"
        , "voz": "III"
        }}
        ,
         
        {"nome": "Cornetim",
         "partitura": {
            "path": "HinoPortugal-cornetim1.pdf"
        , "voz": "I"
        }}
        ,
         
        {"nome": "Cornetim",
         "partitura": {
            "path": "HinoPortugal-cornetim2.pdf"
        , "voz": "II"
        }}
        ,
         
        {"nome": "Eufónio",
         "partitura": {
            "path": "HinoPortugal-eufonio1.pdf"
        , "voz": "I"
        }}
        ,
         
        {"nome": "Eufónio",
         "partitura": {
            "path": "HinoPortugal-eufonio2.pdf"
        , "voz": "II"
        }}
        ,
         
        {"nome": "Fagote",
         "partitura": {
            "path": "HinoPortugal-fagote1.pdf"
        , "voz": "I"
        }}
        ,
         
        {"nome": "Fagote",
         "partitura": {
            "path": "HinoPortugal-fagote2.pdf"
        , "voz": "II"
        }}
        ,
         
        {"nome": "Flauta",
         "partitura": {
            "path": "HinoPortugal-flauta1.pdf"
        , "voz": "I"
        }}
        ,
         
        {"nome": "Flauta",
         "partitura": {
            "path": "HinoPortugal-flauta2.pdf"
        , "voz": "II"
        }}
        ,
         
        {"nome": "Flautim",
         "partitura": {
            "path": "HinoPortugal-flautim.pdf"
        
        }}
        ,
         
        {"nome": "Fliscorne",
         "partitura": {
            "path": "HinoPortugal-fliscorne1.pdf"
        , "voz": "I"
        }}
        ,
         
        {"nome": "Fliscorne",
         "partitura": {
            "path": "HinoPortugal-fliscorne2.pdf"
        , "voz": "II"
        }}
        ,
         
        {"nome": "Maestro",
         "partitura": {
            "path": "HinoPortugal-maestro.pdf"
        
        }}
        ,
         
        {"nome": "Oboé",
         "partitura": {
            "path": "HinoPortugal-oboe1.pdf"
        , "voz": "I"
        }}
        ,
         
        {"nome": "Oboé",
         "partitura": {
            "path": "HinoPortugal-oboe2.pdf"
        , "voz": "II"
        }}
        ,
         
        {"nome": "Percussão",
         "partitura": {
            "path": "HinoPortugal-percussao.pdf"
        
        }}
        ,
         
        {"nome": "Sax Alto",
         "partitura": {
            "path": "HinoPortugal-saxA1.pdf"
        , "voz": "I"
        }}
        ,
         
        {"nome": "Sax Alto",
         "partitura": {
            "path": "HinoPortugal-saxA2.pdf"
        , "voz": "II"
        }}
        ,
         
        {"nome": "Sax Barítono",
         "partitura": {
            "path": "HinoPortugal-saxB.pdf"
        
        }}
        ,
         
        {"nome": "Sax Soprano",
         "partitura": {
            "path": "HinoPortugal-saxS.pdf"
        
        }}
        ,
         
        {"nome": "Sax Tenor",
         "partitura": {
            "path": "HinoPortugal-saxT.pdf"
        
        }}
        ,
         
        {"nome": "Tímpanos",
         "partitura": {
            "path": "HinoPortugal-timpanos.pdf"
        
        }}
        ,
         
        {"nome": "Trombone",
         "partitura": {
            "path": "HinoPortugal-trombone1.pdf"
        , "voz": "I"
        }}
        ,
         
        {"nome": "Trombone",
         "partitura": {
            "path": "HinoPortugal-trombone2.pdf"
        , "voz": "II"
        }}
        ,
         
        {"nome": "Trombone",
         "partitura": {
            "path": "HinoPortugal-trombone3.pdf"
        , "voz": "III"
        }}
        ,
         
        {"nome": "Trompa Tenor",
         "partitura": {
            "path": "HinoPortugal-trompa-tenor.pdf"
        , "voz": "I"
        }}
        ,
         
        {"nome": "Trompa Tenor",
         "partitura": {
            "path": "HinoPortugal-trompa-tenor2.pdf"
        , "voz": "II"
        }}
        ,
         
        {"nome": "Trompa",
         "partitura": {
            "path": "HinoPortugal-trompa1.pdf"
        , "voz": "I"
        }}
        ,
         
        {"nome": "Trompa",
         "partitura": {
            "path": "HinoPortugal-trompa2.pdf"
        , "voz": "II"
        }}
        ,
         
        {"nome": "Trompa",
         "partitura": {
            "path": "HinoPortugal-trompa3.pdf"
        , "voz": "III"
        }}
        ,
         
        {"nome": "Trompa",
         "partitura": {
            "path": "HinoPortugal-trompa4.pdf"
        , "voz": "IV"
        }}
        ,
         
        {"nome": "Trompete",
         "partitura": {
            "path": "HinoPortugal-trompete1.pdf"
        , "voz": "I"
        }}
        ,
         
        {"nome": "Trompete",
         "partitura": {
            "path": "HinoPortugal-trompete2.pdf"
        , "voz": "II"
        }}
        ,
         
        {"nome": "Tuba",
         "partitura": {
            "path": "HinoPortugal-tuba.pdf"
        
        }}
        
      ]
    
   }
    