
        {
        "_id": "m77",
        
            "pasta": "StThomasCoral",
        
      
        "titulo": "St Thomas Coral",
    
      
        "tipo": "Coral",
    
      
        "compositor": "Pavel Stanèk",
    
      
        "instrumentos": [
         
        {"nome": "Clarinete Alto",
         "partitura": {
            "path": "StThomasCoral-clarinete-alto.pdf"
        
        }}
        ,
         
        {"nome": "Clarinete Baixo",
         "partitura": {
            "path": "StThomasCoral-clarinete-baixo.pdf"
        
        }}
        ,
         
        {"nome": "Clarinete",
         "partitura": {
            "path": "StThomasCoral-clarinete1.pdf"
        , "voz": "I"
        }}
        ,
         
        {"nome": "Clarinete",
         "partitura": {
            "path": "StThomasCoral-clarinete2.pdf"
        , "voz": "II"
        }}
        ,
         
        {"nome": "Clarinete",
         "partitura": {
            "path": "StThomasCoral-clarinete3.pdf"
        , "voz": "III"
        }}
        ,
         
        {"nome": "Eufónio",
         "partitura": {
            "path": "StThomasCoral-eufonio-fa-do.pdf"
        , "clave": "Fá", "afinacao": "Dó"
        }}
        ,
         
        {"nome": "Eufónio",
         "partitura": {
            "path": "StThomasCoral-eufonio-sol-sib.pdf"
        , "clave": "Sol", "afinacao": "Sib"
        }}
        ,
         
        {"nome": "Fagote",
         "partitura": {
            "path": "StThomasCoral-fagote.pdf"
        
        }}
        ,
         
        {"nome": "Flauta",
         "partitura": {
            "path": "StThomasCoral-flauta1.pdf"
        , "voz": "I"
        }}
        ,
         
        {"nome": "Flauta",
         "partitura": {
            "path": "StThomasCoral-flauta2.pdf"
        , "voz": "II"
        }}
        ,
         
        {"nome": "Fliscorne",
         "partitura": {
            "path": "StThomasCoral-fliscorne1.pdf"
        , "voz": "I"
        }}
        ,
         
        {"nome": "Fliscorne",
         "partitura": {
            "path": "StThomasCoral-fliscorne2.pdf"
        , "voz": "II"
        }}
        ,
         
        {"nome": "Oboé",
         "partitura": {
            "path": "StThomasCoral-oboe.pdf"
        
        }}
        ,
         
        {"nome": "Percussão",
         "partitura": {
            "path": "StThomasCoral-percussao.pdf"
        
        }}
        ,
         
        {"nome": "Requinta",
         "partitura": {
            "path": "StThomasCoral-requinta.pdf"
        
        }}
        ,
         
        {"nome": "Sax Alto",
         "partitura": {
            "path": "StThomasCoral-saxA1.pdf"
        , "voz": "I"
        }}
        ,
         
        {"nome": "Sax Alto",
         "partitura": {
            "path": "StThomasCoral-saxA2.pdf"
        , "voz": "II"
        }}
        ,
         
        {"nome": "Sax Barítono",
         "partitura": {
            "path": "StThomasCoral-saxB.pdf"
        
        }}
        ,
         
        {"nome": "Sax Tenor",
         "partitura": {
            "path": "StThomasCoral-saxT1.pdf"
        , "voz": "I"
        }}
        ,
         
        {"nome": "Sax Tenor",
         "partitura": {
            "path": "StThomasCoral-saxT2.pdf"
        , "voz": "II"
        }}
        ,
         
        {"nome": "Tímpanos",
         "partitura": {
            "path": "StThomasCoral-timpanos.pdf"
        
        }}
        ,
         
        {"nome": "Trombone",
         "partitura": {
            "path": "StThomasCoral-trombone1.pdf"
        , "voz": "I"
        }}
        ,
         
        {"nome": "Trombone",
         "partitura": {
            "path": "StThomasCoral-trombone2.pdf"
        , "voz": "II"
        }}
        ,
         
        {"nome": "Trombone",
         "partitura": {
            "path": "StThomasCoral-trombone3.pdf"
        , "voz": "III"
        }}
        ,
         
        {"nome": "Trompa",
         "partitura": {
            "path": "StThomasCoral-trompa1.pdf"
        , "voz": "I"
        }}
        ,
         
        {"nome": "Trompa",
         "partitura": {
            "path": "StThomasCoral-trompa2.pdf"
        , "voz": "II"
        }}
        ,
         
        {"nome": "Trompa",
         "partitura": {
            "path": "StThomasCoral-trompa3.pdf"
        , "voz": "III"
        }}
        ,
         
        {"nome": "Trompa",
         "partitura": {
            "path": "StThomasCoral-trompa4.pdf"
        , "voz": "IV"
        }}
        ,
         
        {"nome": "Trompete",
         "partitura": {
            "path": "StThomasCoral-trompete1.pdf"
        , "voz": "I"
        }}
        ,
         
        {"nome": "Trompete",
         "partitura": {
            "path": "StThomasCoral-trompete2.pdf"
        , "voz": "II"
        }}
        ,
         
        {"nome": "Trompete",
         "partitura": {
            "path": "StThomasCoral-trompete3.pdf"
        , "voz": "III"
        }}
        ,
         
        {"nome": "Tuba",
         "partitura": {
            "path": "StThomasCoral-tuba.pdf"
        
        }}
        
      ]
    
   }
    