
        {
        "_id": "m78",
        
            "pasta": "VoltaPortugal",
        
      
        "titulo": "Volta a Portugal",
    
      
        "tipo": "Rapsódia",
    
      
        "arranjo": "Luís Cardoso",
    
      
        "instrumentos": [
         
        {"nome": "Clarinete Baixo",
         "partitura": {
            "path": "VoltaPortugal-clarinete-baixo.pdf"
        
        }}
        ,
         
        {"nome": "Clarinete",
         "partitura": {
            "path": "VoltaPortugal-clarinete1.pdf"
        , "voz": "I"
        }}
        ,
         
        {"nome": "Clarinete",
         "partitura": {
            "path": "VoltaPortugal-clarinete2-3.pdf"
        , "voz": "II"
        }}
        ,
         
        {"nome": "Clarinete",
         "partitura": {
            "path": "VoltaPortugal-clarinete2-3.pdf"
        , "voz": "III"
        }}
        ,
         
        {"nome": "Eufónio",
         "partitura": {
            "path": "VoltaPortugal-eufonio1-2-fa-do.pdf"
        , "voz": "I", "clave": "Fá", "afinacao": "Dó"
        }}
        ,
         
        {"nome": "Eufónio",
         "partitura": {
            "path": "VoltaPortugal-eufonio1-2-fa-sib.pdf"
        , "voz": "I", "clave": "Fá", "afinacao": "Sib"
        }}
        ,
         
        {"nome": "Eufónio",
         "partitura": {
            "path": "VoltaPortugal-eufonio1-2-sol-sib.pdf"
        , "voz": "I", "clave": "Sol", "afinacao": "Sib"
        }}
        ,
         
        {"nome": "Fagote",
         "partitura": {
            "path": "VoltaPortugal-fagote1-2.pdf"
        , "voz": "I"
        }}
        ,
         
        {"nome": "Fagote",
         "partitura": {
            "path": "VoltaPortugal-fagote1-2.pdf"
        , "voz": "II"
        }}
        ,
         
        {"nome": "Flauta",
         "partitura": {
            "path": "VoltaPortugal-flauta1-2.pdf"
        , "voz": "I"
        }}
        ,
         
        {"nome": "Flauta",
         "partitura": {
            "path": "VoltaPortugal-flauta1-2.pdf"
        , "voz": "II"
        }}
        ,
         
        {"nome": "Flautim",
         "partitura": {
            "path": "VoltaPortugal-flautim.pdf"
        
        }}
        ,
         
        {"nome": "Maestro",
         "partitura": {
            "path": "VoltaPortugal-maestro.pdf"
        
        }}
        ,
         
        {"nome": "Oboé",
         "partitura": {
            "path": "VoltaPortugal-oboe1-2.pdf"
        , "voz": "I"
        }}
        ,
         
        {"nome": "Oboé",
         "partitura": {
            "path": "VoltaPortugal-oboe1-2.pdf"
        , "voz": "II"
        }}
        ,
         
        {"nome": "Percussão",
         "partitura": {
            "path": "VoltaPortugal-percussao1.pdf"
        , "voz": "I"
        }}
        ,
         
        {"nome": "Percussão",
         "partitura": {
            "path": "VoltaPortugal-percussao2.pdf"
        , "voz": "II"
        }}
        ,
         
        {"nome": "Percussão",
         "partitura": {
            "path": "VoltaPortugal-percussao3.pdf"
        , "voz": "III"
        }}
        ,
         
        {"nome": "Percussão",
         "partitura": {
            "path": "VoltaPortugal-percussao4.pdf"
        , "voz": "IV"
        }}
        ,
         
        {"nome": "Sax Alto",
         "partitura": {
            "path": "VoltaPortugal-saxA1-2.pdf"
        , "voz": "I"
        }}
        ,
         
        {"nome": "Sax Alto",
         "partitura": {
            "path": "VoltaPortugal-saxA1-2.pdf"
        , "voz": "II"
        }}
        ,
         
        {"nome": "Sax Barítono",
         "partitura": {
            "path": "VoltaPortugal-saxB.pdf"
        
        }}
        ,
         
        {"nome": "Sax Tenor",
         "partitura": {
            "path": "VoltaPortugal-saxT.pdf"
        
        }}
        ,
         
        {"nome": "Tímpanos",
         "partitura": {
            "path": "VoltaPortugal-timpanos.pdf"
        
        }}
        ,
         
        {"nome": "Trombone",
         "partitura": {
            "path": "VoltaPortugal-trombone1-2.pdf"
        , "voz": "I"
        }}
        ,
         
        {"nome": "Trombone",
         "partitura": {
            "path": "VoltaPortugal-trombone1-2.pdf"
        , "voz": "II"
        }}
        ,
         
        {"nome": "Trombone",
         "partitura": {
            "path": "VoltaPortugal-trombone3.pdf"
        , "voz": "III"
        }}
        ,
         
        {"nome": "Trompa",
         "partitura": {
            "path": "VoltaPortugal-trompa1.pdf"
        , "voz": "I"
        }}
        ,
         
        {"nome": "Trompa",
         "partitura": {
            "path": "VoltaPortugal-trompa2-3.pdf"
        , "voz": "II"
        }}
        ,
         
        {"nome": "Trompa",
         "partitura": {
            "path": "VoltaPortugal-trompa2-3.pdf"
        , "voz": "III"
        }}
        ,
         
        {"nome": "Tuba",
         "partitura": {
            "path": "VoltaPortugal-tuba-fa-do.pdf"
        , "clave": "Fá", "afinacao": "Dó"
        }}
        ,
         
        {"nome": "Tuba",
         "partitura": {
            "path": "VoltaPortugal-tuba-sol-sib.pdf"
        , "clave": "Sol", "afinacao": "Sib"
        }}
        ,
         
        {"nome": "Trompete",
         "partitura": {
            "path": "VoltaPortugal-trompete1.pdf"
        , "voz": "I"
        }}
        ,
         
        {"nome": "Trompete",
         "partitura": {
            "path": "VoltaPortugal-trompete2-3.pdf"
        , "voz": "II"
        }}
        ,
         
        {"nome": "Trompete",
         "partitura": {
            "path": "VoltaPortugal-trompete2-3.pdf"
        , "voz": "III"
        }}
        
      ]
    
   }
    