
        {
        "_id": "m82",
        
            "pasta": "ValeCambra100",
        
      
        "titulo": "Vale de Cambra - 100 anos",
    
      
        "tipo": "Marcha de Desfile",
    
      
        "compositor": "Carlos Marques",
    
      
        "instrumentos": [
         
        {"nome": "Bombo",
         "partitura": {
            "path": "ValeCambra100-bombo-pratos.pdf"
        
        }}
        ,
         
        {"nome": "Pratos",
         "partitura": {
            "path": "ValeCambra100-bombo-pratos.pdf"
        
        }}
        ,
         
        {"nome": "Caixa",
         "partitura": {
            "path": "ValeCambra100-caixa.pdf"
        
        }}
        ,
         
        {"nome": "Clarinete Alto",
         "partitura": {
            "path": "ValeCambra100-clarinete-alto.pdf"
        
        }}
        ,
         
        {"nome": "Clarinete Baixo",
         "partitura": {
            "path": "ValeCambra100-clarinete-baixo.pdf"
        
        }}
        ,
         
        {"nome": "Clarinete",
         "partitura": {
            "path": "ValeCambra100-clarinete1.pdf"
        , "voz": "I"
        }}
        ,
         
        {"nome": "Clarinete",
         "partitura": {
            "path": "ValeCambra100-clarinete2.pdf"
        , "voz": "II"
        }}
        ,
         
        {"nome": "Clarinete",
         "partitura": {
            "path": "ValeCambra100-clarinete3.pdf"
        , "voz": "III"
        }}
        ,
         
        {"nome": "Eufónio",
         "partitura": {
            "path": "ValeCambra100-eufonio-fa-do.pdf"
        , "clave": "Fá", "afinacao": "Dó"
        }}
        ,
         
        {"nome": "Eufónio",
         "partitura": {
            "path": "ValeCambra100-eufonio-fa-sib.pdf"
        , "clave": "Fá", "afinacao": "Sib"
        }}
        ,
         
        {"nome": "Fagote",
         "partitura": {
            "path": "ValeCambra100-fagote.pdf"
        
        }}
        ,
         
        {"nome": "Flauta",
         "partitura": {
            "path": "ValeCambra100-flauta.pdf"
        
        }}
        ,
         
        {"nome": "Flautim",
         "partitura": {
            "path": "ValeCambra100-flautim.pdf"
        
        }}
        ,
         
        {"nome": "Lira",
         "partitura": {
            "path": "ValeCambra100-lira.pdf"
        
        }}
        ,
         
        {"nome": "Maestro",
         "partitura": {
            "path": "ValeCambra100-maestro.pdf"
        
        }}
        ,
         
        {"nome": "Oboé",
         "partitura": {
            "path": "ValeCambra100-oboe.pdf"
        
        }}
        ,
         
        {"nome": "Requinta",
         "partitura": {
            "path": "ValeCambra100-requinta.pdf"
        
        }}
        ,
         
        {"nome": "Sax Alto",
         "partitura": {
            "path": "ValeCambra100-saxA.pdf"
        
        }}
        ,
         
        {"nome": "Sax Barítono",
         "partitura": {
            "path": "ValeCambra100-saxB.pdf"
        
        }}
        ,
         
        {"nome": "Sax Soprano",
         "partitura": {
            "path": "ValeCambra100-saxS.pdf"
        
        }}
        ,
         
        {"nome": "Sax Tenor",
         "partitura": {
            "path": "ValeCambra100-saxT.pdf"
        
        }}
        ,
         
        {"nome": "Trombone",
         "partitura": {
            "path": "ValeCambra100-trombone1.pdf"
        , "voz": "I"
        }}
        ,
         
        {"nome": "Trombone",
         "partitura": {
            "path": "ValeCambra100-trombone2.pdf"
        , "voz": "II"
        }}
        ,
         
        {"nome": "Trombone",
         "partitura": {
            "path": "ValeCambra100-trombone3.pdf"
        , "voz": "III"
        }}
        ,
         
        {"nome": "Trompa",
         "partitura": {
            "path": "ValeCambra100-trompa1-3.pdf"
        , "voz": "I"
        }}
        ,
         
        {"nome": "Trompa",
         "partitura": {
            "path": "ValeCambra100-trompa1-3.pdf"
        , "voz": "III"
        }}
        ,
         
        {"nome": "Trompa",
         "partitura": {
            "path": "ValeCambra100-trompa2-4.pdf"
        , "voz": "II"
        }}
        ,
         
        {"nome": "Trompa",
         "partitura": {
            "path": "ValeCambra100-trompa2-4.pdf"
        , "voz": "IV"
        }}
        ,
         
        {"nome": "Trompete",
         "partitura": {
            "path": "ValeCambra100-trompete1.pdf"
        , "voz": "I"
        }}
        ,
         
        {"nome": "Trompete",
         "partitura": {
            "path": "ValeCambra100-trompete2.pdf"
        , "voz": "II"
        }}
        ,
         
        {"nome": "Trompete",
         "partitura": {
            "path": "ValeCambra100-trompete3.pdf"
        , "voz": "III"
        }}
        ,
         
        {"nome": "Tuba",
         "partitura": {
            "path": "ValeCambra100-tuba.pdf"
        
        }}
        ,
         
        {"nome": "Tuba",
         "partitura": {
            "path": "ValeCambra100-tuba-sol-sib.pdf"
        , "clave": "Sol", "afinacao": "Sib"
        }}
        
      ]
    
   }
    