
        {
        "_id": "m84",
        
            "pasta": "SlavonicRhapsody",
        
      
        "titulo": "Slavonic Rhapsody nº3",
    
      
        "tipo": "Rapsódia",
    
      
        "compositor": "Carl Berthold Ulrich Friedemann",
    
      
        "instrumentos": [
         
        {"nome": "Clarinete Baixo",
         "partitura": {
            "path": "SlavonicRhapsody-clarinete-baixo.pdf"
        
        }}
        ,
         
        {"nome": "Clarinete",
         "partitura": {
            "path": "SlavonicRhapsody-clarinete1a.pdf"
        , "voz": "Ia"
        }}
        ,
         
        {"nome": "Clarinete",
         "partitura": {
            "path": "SlavonicRhapsody-clarinete1b.pdf"
        , "voz": "Ib"
        }}
        ,
         
        {"nome": "Clarinete",
         "partitura": {
            "path": "SlavonicRhapsody-clarinete2.pdf"
        , "voz": "II"
        }}
        ,
         
        {"nome": "Clarinete",
         "partitura": {
            "path": "SlavonicRhapsody-clarinete3.pdf"
        , "voz": "III"
        }}
        ,
         
        {"nome": "Eufónio",
         "partitura": {
            "path": "SlavonicRhapsody-eufonio1-fa-do.pdf"
        , "voz": "I", "clave": "Fá", "afinacao": "Dó"
        }}
        ,
         
        {"nome": "Eufónio",
         "partitura": {
            "path": "SlavonicRhapsody-eufonio1-fa-sib.pdf"
        , "voz": "I", "clave": "Fá", "afinacao": "Sib"
        }}
        ,
         
        {"nome": "Eufónio",
         "partitura": {
            "path": "SlavonicRhapsody-eufonio2-fa-do.pdf"
        , "voz": "II", "clave": "Fá", "afinacao": "Dó"
        }}
        ,
         
        {"nome": "Eufónio",
         "partitura": {
            "path": "SlavonicRhapsody-eufonio2-fa-sib.pdf"
        , "voz": "II", "clave": "Fá", "afinacao": "Sib"
        }}
        ,
         
        {"nome": "Eufónio",
         "partitura": {
            "path": "SlavonicRhapsody-eufonio2-sol-sib.pdf"
        , "voz": "II", "clave": "Sol", "afinacao": "Sib"
        }}
        ,
         
        {"nome": "Fagote",
         "partitura": {
            "path": "SlavonicRhapsody-fagote.pdf"
        
        }}
        ,
         
        {"nome": "Flauta",
         "partitura": {
            "path": "SlavonicRhapsody-flauta.pdf"
        
        }}
        ,
         
        {"nome": "Fliscorne",
         "partitura": {
            "path": "SlavonicRhapsody-fliscorne1.pdf"
        , "voz": "I"
        }}
        ,
         
        {"nome": "Fliscorne",
         "partitura": {
            "path": "SlavonicRhapsody-fliscorne2.pdf"
        , "voz": "II"
        }}
        ,
         
        {"nome": "Maestro",
         "partitura": {
            "path": "SlavonicRhapsody-maestro.pdf"
        
        }}
        ,
         
        {"nome": "Oboé",
         "partitura": {
            "path": "SlavonicRhapsody-oboe.pdf"
        
        }}
        ,
         
        {"nome": "Percussão",
         "partitura": {
            "path": "SlavonicRhapsody-percussao1.pdf"
        , "voz": "I"
        }}
        ,
         
        {"nome": "Percussão",
         "partitura": {
            "path": "SlavonicRhapsody-percussao2.pdf"
        , "voz": "II"
        }}
        ,
         
        {"nome": "Sax Alto",
         "partitura": {
            "path": "SlavonicRhapsody-saxA1.pdf"
        , "voz": "I"
        }}
        ,
         
        {"nome": "Sax Alto",
         "partitura": {
            "path": "SlavonicRhapsody-saxA2.pdf"
        , "voz": "II"
        }}
        ,
         
        {"nome": "Sax Barítono",
         "partitura": {
            "path": "SlavonicRhapsody-saxB.pdf"
        
        }}
        ,
         
        {"nome": "Sax Soprano",
         "partitura": {
            "path": "SlavonicRhapsody-saxS.pdf"
        
        }}
        ,
         
        {"nome": "Sax Tenor",
         "partitura": {
            "path": "SlavonicRhapsody-saxT.pdf"
        
        }}
        ,
         
        {"nome": "Tímpanos",
         "partitura": {
            "path": "SlavonicRhapsody-timpanos.pdf"
        
        }}
        ,
         
        {"nome": "Trombone",
         "partitura": {
            "path": "SlavonicRhapsody-trombone1.pdf"
        , "voz": "I"
        }}
        ,
         
        {"nome": "Trombone",
         "partitura": {
            "path": "SlavonicRhapsody-trombone2-3.pdf"
        , "voz": "II"
        }}
        ,
         
        {"nome": "Trombone",
         "partitura": {
            "path": "SlavonicRhapsody-trombone2-3.pdf"
        , "voz": "III"
        }}
        ,
         
        {"nome": "Trompa",
         "partitura": {
            "path": "SlavonicRhapsody-trompa1.pdf"
        , "voz": "I"
        }}
        ,
         
        {"nome": "Trompa",
         "partitura": {
            "path": "SlavonicRhapsody-trompa2.pdf"
        , "voz": "II"
        }}
        ,
         
        {"nome": "Trompete",
         "partitura": {
            "path": "SlavonicRhapsody-trompete1.pdf"
        , "voz": "I"
        }}
        ,
         
        {"nome": "Trompete",
         "partitura": {
            "path": "SlavonicRhapsody-trompete2.pdf"
        , "voz": "II"
        }}
        ,
         
        {"nome": "Tuba",
         "partitura": {
            "path": "SlavonicRhapsody-tuba-fa-do.pdf"
        , "clave": "Fá", "afinacao": "Dó"
        }}
        ,
         
        {"nome": "Tuba",
         "partitura": {
            "path": "SlavonicRhapsody-tuba-sol-sib.pdf"
        , "clave": "Sol", "afinacao": "Sib"
        }}
        
      ]
    
   }
    