
        {
        "_id": "m93",
        
            "pasta": "LedZeppelin",
        
  
        "titulo": "Led Zeppelin On Tour",
    
  
        "tipo": "Ligeiro/Fantasia",
    
  
        "arranjo": "Patrick Roszwell",
    
  
        "instrumentos": [
    
        {"nome": "Baixo Elétrico",
         "partitura": {
            "path": "LedZeppelin-baixo-eletrico.pdf"
        
        }}
        ,
    
        {"nome": "Clarinete Baixo",
         "partitura": {
            "path": "LedZeppelin-clarinete-baixo.pdf"
        
        }}
        ,
    
        {"nome": "Clarinete",
         "partitura": {
            "path": "LedZeppelin-clarinete1.pdf"
        , "voz": "I"
        }}
        ,
    
        {"nome": "Clarinete",
         "partitura": {
            "path": "LedZeppelin-clarinete2.pdf"
        , "voz": "II"
        }}
        ,
    
        {"nome": "Clarinete",
         "partitura": {
            "path": "LedZeppelin-clarinete3.pdf"
        , "voz": "III"
        }}
        ,
    
        {"nome": "Eufónio",
         "partitura": {
            "path": "LedZeppelin-eufonio-fa-do.pdf"
        , "clave": "Fá", "afinacao": "Dó"
        }}
        ,
    
        {"nome": "Eufónio",
         "partitura": {
            "path": "LedZeppelin-eufonio-sol-sib.pdf"
        , "clave": "Sol", "afinacao": "Sib"
        }}
        ,
    
        {"nome": "Fagote",
         "partitura": {
            "path": "LedZeppelin-fagote.pdf"
        
        }}
        ,
    
        {"nome": "Flauta",
         "partitura": {
            "path": "LedZeppelin-flauta1.pdf"
        , "voz": "I"
        }}
        ,
    
        {"nome": "Flauta",
         "partitura": {
            "path": "LedZeppelin-flauta2.pdf"
        , "voz": "II"
        }}
        ,
    
        {"nome": "Lira",
         "partitura": {
            "path": "LedZeppelin-lira.pdf"
        
        }}
        ,
    
        {"nome": "Maestro",
         "partitura": {
            "path": "LedZeppelin-maestro.pdf"
        
        }}
        ,
    
        {"nome": "Oboé",
         "partitura": {
            "path": "LedZeppelin-oboe.pdf"
        
        }}
        ,
    
        {"nome": "Percussão",
         "partitura": {
            "path": "LedZeppelin-percussao1.pdf"
        , "voz": "I"
        }}
        ,
    
        {"nome": "Percussão",
         "partitura": {
            "path": "LedZeppelin-percussao2.pdf"
        , "voz": "II"
        }}
        ,
    
        {"nome": "Percussão",
         "partitura": {
            "path": "LedZeppelin-percussao3.pdf"
        , "voz": "III"
        }}
        ,
    
        {"nome": "Sax Alto",
         "partitura": {
            "path": "LedZeppelin-saxA1.pdf"
        , "voz": "I"
        }}
        ,
    
        {"nome": "Sax Alto",
         "partitura": {
            "path": "LedZeppelin-saxA2.pdf"
        , "voz": "II"
        }}
        ,
    
        {"nome": "Sax Barítono",
         "partitura": {
            "path": "LedZeppelin-saxB.pdf"
        
        }}
        ,
    
        {"nome": "Sax Tenor",
         "partitura": {
            "path": "LedZeppelin-saxT.pdf"
        
        }}
        ,
    
        {"nome": "Tímpanos",
         "partitura": {
            "path": "LedZeppelin-timpanos.pdf"
        
        }}
        ,
    
        {"nome": "Trombone",
         "partitura": {
            "path": "LedZeppelin-trombone1-fa.pdf"
        , "voz": "I", "clave": "Fá"
        }}
        ,
    
        {"nome": "Trombone",
         "partitura": {
            "path": "LedZeppelin-trombone2-fa.pdf"
        , "voz": "II", "clave": "Fá"
        }}
        ,
    
        {"nome": "Trombone",
         "partitura": {
            "path": "LedZeppelin-trombone3-fa.pdf"
        , "voz": "III", "clave": "Fá"
        }}
        ,
    
        {"nome": "Trombone",
         "partitura": {
            "path": "LedZeppelin-trombone1.pdf"
        , "voz": "I"
        }}
        ,
    
        {"nome": "Trompa",
         "partitura": {
            "path": "LedZeppelin-trompa1.pdf"
        , "voz": "I"
        }}
        ,
    
        {"nome": "Trompa",
         "partitura": {
            "path": "LedZeppelin-trompa2.pdf"
        , "voz": "II"
        }}
        ,
    
        {"nome": "Trompete",
         "partitura": {
            "path": "LedZeppelin-trompete1.pdf"
        , "voz": "I"
        }}
        ,
    
        {"nome": "Trompete",
         "partitura": {
            "path": "LedZeppelin-trompete2.pdf"
        , "voz": "II"
        }}
        ,
    
        {"nome": "Trompete",
         "partitura": {
            "path": "LedZeppelin-trompete3.pdf"
        , "voz": "III"
        }}
        ,
    
        {"nome": "Tuba",
         "partitura": {
            "path": "LedZeppelin-tuba.pdf"
        
        }}
        ,
    
        {"nome": "Tuba",
         "partitura": {
            "path": "LedZeppelin-tuba.pdf"
        , "clave": "Sol", "afinacao": "Sib"
        }}
        
  ]
    
}
    