
        {
        "_id": "m97",
        
            "pasta": "MarchasLisboa",
        
  
        "titulo": "Marchas de Lisboa",
    
  
        "tipo": "Marcha de Concerto/Pasodoble",
    
  
        "arranjo": "João Neves",
    
  
        "instrumentos": [
    
        {"nome": "Bombo",
         "partitura": {
            "path": "MarchasLisboa-bombo.pdf"
        
        }}
        ,
    
        {"nome": "Caixa",
         "partitura": {
            "path": "MarchasLisboa-caixa.pdf"
        
        }}
        ,
    
        {"nome": "Clarinete",
         "partitura": {
            "path": "MarchasLisboa-clarinete1.pdf"
        , "voz": "I"
        }}
        ,
    
        {"nome": "Clarinete",
         "partitura": {
            "path": "MarchasLisboa-clarinete2.pdf"
        , "voz": "II"
        }}
        ,
    
        {"nome": "Clarinete",
         "partitura": {
            "path": "MarchasLisboa-clarinete3.pdf"
        , "voz": "III"
        }}
        ,
    
        {"nome": "Eufónio",
         "partitura": {
            "path": "MarchasLisboa-eufonio-sol-do.pdf"
        , "clave": "Sol", "afinacao": "Dó"
        }}
        ,
    
        {"nome": "Eufónio",
         "partitura": {
            "path": "MarchasLisboa-eufonio.pdf"
        
        }}
        ,
    
        {"nome": "Flauta",
         "partitura": {
            "path": "MarchasLisboa-flauta.pdf"
        
        }}
        ,
    
        {"nome": "Flautim",
         "partitura": {
            "path": "MarchasLisboa-flautim.pdf"
        
        }}
        ,
    
        {"nome": "Maestro",
         "partitura": {
            "path": "MarchasLisboa-maestro.pdf"
        
        }}
        ,
    
        {"nome": "Sax Alto",
         "partitura": {
            "path": "MarchasLisboa-saxA.pdf"
        
        }}
        ,
    
        {"nome": "Sax Barítono",
         "partitura": {
            "path": "MarchasLisboa-saxB.pdf"
        
        }}
        ,
    
        {"nome": "Sax Tenor",
         "partitura": {
            "path": "MarchasLisboa-saxT.pdf"
        
        }}
        ,
    
        {"nome": "Sax Soprano",
         "partitura": {
            "path": "MarchasLisboa-saxS.pdf"
        
        }}
        ,
    
        {"nome": "Trombone",
         "partitura": {
            "path": "MarchasLisboa-trombone1.pdf"
        , "voz": "I"
        }}
        ,
    
        {"nome": "Trombone",
         "partitura": {
            "path": "MarchasLisboa-trombone2.pdf"
        , "voz": "II"
        }}
        ,
    
        {"nome": "Trombone",
         "partitura": {
            "path": "MarchasLisboa-trombone3.pdf"
        , "voz": "III"
        }}
        ,
    
        {"nome": "Trompa",
         "partitura": {
            "path": "MarchasLisboa-trompa.pdf"
        
        }}
        ,
    
        {"nome": "Trompete",
         "partitura": {
            "path": "MarchasLisboa-trompete1.pdf"
        , "voz": "I"
        }}
        ,
    
        {"nome": "Trompete",
         "partitura": {
            "path": "MarchasLisboa-trompete2.pdf"
        , "voz": "II"
        }}
        ,
    
        {"nome": "Trompete",
         "partitura": {
            "path": "MarchasLisboa-trompete3.pdf"
        , "voz": "III"
        }}
        ,
    
        {"nome": "Tuba",
         "partitura": {
            "path": "MarchasLisboa-tuba.pdf"
        
        }}
        
  ]
    
}
    