<?xml version="1.0" encoding="UTF-8"?>
<arqelem>
   <id> Monte de Cabanas </id>
   <desc> Povoado fortificado </desc>
   <lugar/>
   <freguesia> Dume </freguesia>
   <concelho> Braga </concelho>
   <acesso/>
   <quadro>Pequeno outeiro, profundamente destruído na zona superior e na encosta nordeste devido à extracção de pedra.Totalmente destruído na
			encosta sul por desaterros. </quadro>
   <descarq>Antes da destruição, para terraplanagem da vertente oeste, foi possível verificar a existência de taludes artificiais, de um fosso e
			outras estruturas pétreas, assim como fragmentos de cerâmica manual e micácea, integráveis, tecnicamente, na Idade do Bronze e do Ferro.
			As escavações de emergência, efectuadas na plataforma superior e no início da encosta este, permitiram visualizar dois níveis de ocupação;
			um atribuível à Idade do Bronze e o outro à Idade do Ferro recente. </descarq>
</arqelem>
