<?xml version="1.0" encoding="UTF-8"?>
<arqelem>
   <id> Lugar de Coto; Póvoa; Lugar do Reduto </id>
   <desc> Povoado fortificado</desc>
   <lugar> Lugar de Coto </lugar>
   <freguesia> Dossãos </freguesia>
   <concelho> Vila Verde </concelho>
   <acesso>O acesso faz-se por caminho de pé posto a partir de Dossãos.</acesso>
   <quadro>O  castro ocupa um pequeno outeiro situado na vertente este do monte de Moinho Velho, que constitui um
			prolongamento para SE do monte do Borrelho, importante acidente geográfico do concelho de Vila Verde. O outeiro encontra-se virado a um
			pequeno vale, onde se localiza a sede de freguesia.</quadro>
   <descarq>O povoado é relativamente pequeno e possui apenas duas plataformas, em cujos limites é possível notar restos de fortificações. Na
			superfície do cabeço recolhem-se fragmentos de cerâmica, sobretudo de tégulas.</descarq>
</arqelem>
