<?xml version="1.0" encoding="UTF-8"?>
<arqelem>
   <id> Outeirinho </id>
   <desc> Povoado fortificado</desc>
   <lugar> Outeirinho </lugar>
   <freguesia> Vila Verde </freguesia>
   <concelho> Vila Verde </concelho>
   <acesso>O acesso a este povoado faz-se a partir de Vila Verde.</acesso>
   <quadro>. O povoado assenta num pequeno cabeço de baixa altitude situado em pleno vale, perto do curso do rio Homem.</quadro>
   <descarq>Pequeno povoado de baixa altitude, apenas com uma plataforma localizada na parte mais elevada do cabeço. À superfície encontram-se
			abundantes fragmentos de cerâmica romana e de  tégulas. O povoado apresenta características semelhantes ao
			povoado do Lago, em Amares.</descarq>
</arqelem>
