<?xml version="1.0" encoding="UTF-8"?>
<arqelem>
   <id> Monte do Castro </id>
   <desc> Povoado </desc>
   <lugar> Castro </lugar>
   <freguesia> S. João de Rei </freguesia>
   <concelho> Póvoa de Lanhoso </concelho>
   <acesso>Faz-se a partir do lugar da Devesa por estrada municipal. </acesso>
   <quadro>O povoado localiza-se num remate de um esporão de média altitude, na vertente noroeste de Santo Tirso. A vertente oeste deste povoado
			é abrupta, mas as restantes são suaves permitindo um fácil acesso ao planalto e ao vale da ribeira do castro.</quadro>
   <descarq>A análise do espólio de superfície e das escavações realizadas, em 1993, nas várias vertentes e na plataforma superior do monte
			permitiram concluir a existência de vários momentos de ocupação. À Idade do Bronze fazemos corresponder o bipene metálico, encontrado nas
			vertentes norte ou oeste, aquando do corte da estrada que dá acesso ao centro da freguesia. A este período associamos, também, os
			fragmentos cerâmicos exumados nas escavações, cujo fabrico e forma paralelizam com louça da primeira metade do Iº milénio a.C.. Na Idade
			do Ferro Inicial inserimos fragmentos cerâmicos, algumas estruturas perecíveis, supostamente de armazenagem de cereais e uma quantidade
			considerável de sementes de trigo. Ao Ferro Recente corresponderá, por sua vez, um conjunto de olaria, contas de colar e objectos
			metálicos, bem conhecidos noutros povoados da região. Predominam ainda as estruturas perecíveis. A etapa da romanização está bem marcada por construções pétreas e por espólio cerâmico e metálico característico deste período. </descarq>
</arqelem>
