<?xml version="1.0" encoding="UTF-8"?>
<arqelem>
   <id> Castro da Torre; Castelo do Castro; Torre do Castro</id>
   <desc> Povoado fortificado Torre Medieval </desc>
   <lugar> Lugar da Torre </lugar>
   <freguesia> Carrazedo </freguesia>
   <concelho> Amares </concelho>
   <acesso>Os terrenos onde se encontra o  castro são propriedade particular, sendo necessário obter autorização para
			visitar o local.</acesso>
   <quadro>O povoado localiza-se numa pequena sobreelevação de um terraço fluvial do rio Cávado.</quadro>
   <descarq>O povoado está bastante destruído, pois sobre ele assentou uma torre quatrocentista. No entanto, podem ainda observar-se restos de uma
			muralha e de um fosso. Na superfície recolhem-se alguns fragmentos de louça proto-histórica de fabrico 
				micáceo. Aparentemente, o povoado possuía apenas uma plataforma, pelo que pode ser considerado um povoado de baixa altitude. do
			mesmo género do povoado do Lago, também em Amares.</descarq>
</arqelem>
