<?xml version="1.0" encoding="UTF-8"?>
<arqelem>
   <id> Poços Salgueiros </id>
   <desc> Necrópole megalítica </desc>
   <lugar> Poços Salgueiros </lugar>
   <freguesia> Travassós </freguesia>
   <concelho> Fafe </concelho>
   <acesso>Até à Castanheira pelo C.M. 1643, depois, por estrada florestal que atravessa todo o planalto de Santa Marinha. </acesso>
   <quadro>Extensa chã planáltica pertencente à bacia hidrográfica do rio Ave..</quadro>
   <descarq>Duas pequenas  mamoas já violadas e semi-destruídas, certamente pertencente à mesma necrópole que a  mamoa do Monte de Santa Marinha.</descarq>
</arqelem>
