<?xml version="1.0" encoding="UTF-8"?>
<arqelem>
   <id> Outeiro das Corças </id>
   <desc> Necrópole megalítica </desc>
   <lugar> Listoso </lugar>
   <freguesia> Passos (S. Vicente) </freguesia>
   <concelho> Fafe </concelho>
   <acesso>Faz-se a partir da E. N. 207 (Braga - Fafe), toma-se o C.M. 1625 até S. Vicente de Passos. Depois, até Listoso pelo C.M. 1645-1. </acesso>
   <quadro>Os monumentos localizam-se numa chã planáltica, integrada na bacia hidrográfica do rio Ave.</quadro>
   <descarq>Duas  mamoas muito destruídas, certamente pertecente a uma necrópole megalítica que ocuparia a chã
			planaltica.</descarq>
</arqelem>
