<?xml version="1.0" encoding="UTF-8"?>
<arqelem>
   <id> Pedra Sentada </id>
   <desc> Monumento megalítico </desc>
   <lugar> Malhadouro </lugar>
   <freguesia> Várzea Cova </freguesia>
   <concelho> Fafe </concelho>
   <acesso>Faz-se pela E. N. 304 que liga Couforco com a Lagoa. </acesso>
   <quadro>Zona acidentada, entre Pedra Sentada e o Marco Geodésico do Malhadouro.</quadro>
   <descarq> Mamoa com sinais da câmara funerária, que apresenta vestígios de dois esteios. </descarq>
</arqelem>
