<?xml version="1.0" encoding="UTF-8"?>
<arqelem>
   <id> Penedos Pintos; Laje Branca </id>
   <desc> Necrópole megalítica </desc>
   <lugar> Lagoa </lugar>
   <freguesia> Aboim </freguesia>
   <concelho> Fafe </concelho>
   <acesso>Faz-se a partir da E.M. 614. Em Lagoa toma-se o Estradão Novo que segue para Gontim e sobe-se para o planalto por caminho de pé posto. </acesso>
   <quadro/>
   <descarq>Conjunto de três monumentos megalíticos, dois deles muito destruídos. O melhor conservado tem cerca de 15m de diâmetro, por 2m de
			altura, apresentando ainda sinais de violação da câmara funerária. </descarq>
</arqelem>
