<?xml version="1.0" encoding="UTF-8"?>
<arqelem>
   <id> Monte de Riba; Bouça do Senhor </id>
   <desc> Necrópole megalítica </desc>
   <lugar> Argande </lugar>
   <freguesia> Monte </freguesia>
   <concelho> Fafe </concelho>
   <acesso>Faz-se a partir C. M. 1637. </acesso>
   <quadro>Chã planáltica entre o Monte de Riba e a Bouça do Senhor, pertencente à bacia hidrográfica do rio Ave.</quadro>
   <descarq>Conjunto de quatro  mamoas de dimensões médias, com cerca de 10 a 15m de diâmetro, todas violadas. </descarq>
</arqelem>
