<?xml version="1.0" encoding="UTF-8"?>
<arqelem>
   <id> Monte de Santa Marinha </id>
   <desc> Monumento megalítico</desc>
   <lugar> Santa Marinha </lugar>
   <freguesia> Travassós </freguesia>
   <concelho> Fafe </concelho>
   <acesso>Entre Castanheira e Santa Marinha, a seguir ao lugar dos Poços Salgueiros, 1Km a leste, por caminho carreteiro que atravessa o
			planalto. </acesso>
   <quadro>Extensa chã planáltica do Monte de Santa Marinha, integrada na bacia hidrográfica do rio Ave.</quadro>
   <descarq> Mamoa de grandes dimensões, com cerca de 20 a 25m de diâmetro, certamente pertencente à mesma necrópole a que pertenciam os monumentos de Poços Salgueiros.</descarq>
</arqelem>
