<?xml version="1.0" encoding="UTF-8"?>
<arqelem>
   <id> Castro de Álvora </id>
   <desc> Povoado fortificado</desc>
   <lugar> Álvora </lugar>
   <freguesia> Álvora </freguesia>
   <concelho> Arcos de Valdevez </concelho>
   <acesso/>
   <quadro>O povoado localiza-se num monte sobranceiro à ribeira de Frades, afluente da margem direita da bacia do rio Vez.</quadro>
   <descarq>Trata-se de um povoado proto-histórico com várias linhas de muralhas. A partir dos materiais cerâmicos encontrados no povoado é
			possível afirmar que foi ocupado durante a Idade do Ferro tendo sido romanizado. É igualmente provável uma ocupação anterior à Idade do
			Ferro, referenciada pela descoberta de um molde de foice, de granito, encontrado no enchimento da muralha e datável entre os sécs. IX e
			VIII a.C. </descarq>
</arqelem>
