<?xml version="1.0" encoding="UTF-8"?>
<arqelem>
   <id> Sabadim </id>
   <desc> Igreja </desc>
   <lugar> Sabadim </lugar>
   <freguesia> Sabadim </freguesia>
   <concelho> Arcos de Valdevez </concelho>
   <acesso>Na aldeia de Sabadim. O acesso faz-se directamente por estrada municipal, a partir da estrada nacional EN.101 (ligação Arcos de
			Valdevez - Monção). O monumento não está sinalizado.</acesso>
   <quadro/>
   <descarq>Sabadim terá sido sede de um mal documentado mosteiro de S. Salvador de Sabadim, instituição monástica que se refere ter sido
			inicialmente de Templários e posteriormente beneditina. Da edificação medieval, profundamente alterada por sucessivas remodelações restam,
			nas paredes da  nave da actual igreja paroquial de S. Salvador de Sabadim e testemunhando uma antiga edificação
			românica, vestígios dos paramentos coroados por cachorradas com modilhões esculpidos, identificando-se
			caras, cabeças de touro, molduras geométricas e pipos. Identificam-se ainda um fragmento de  friso com  palmetas e parte do triedrofechado do portal lateral meridional, em arcode volta perfeita. A pia de água benta reaproveita um capitel românico.</descarq>
</arqelem>
