<?xml version="1.0" encoding="UTF-8"?>
<arqelem>
   <id> Monte Redondo </id>
   <desc> Igreja </desc>
   <lugar> Monte Redondo </lugar>
   <freguesia> Monte Redondo </freguesia>
   <concelho> Arcos de Valdevez </concelho>
   <acesso>Junto à aldeia de Monte Redondo. O acesso faz-se por estrada municipal, a partir da estrada nacional EN.303 (ligação Arcos de Valdevez
			- Paredes de Coura) ou da EN.202 (ligação Arcos de Valdevez - Ponte de Lima). O monumento não está sinalizado.</acesso>
   <quadro/>
   <descarq>Nas paredes da  nave da igreja paroquial de S. Bartolomeu de Monte Redondo conservam-se, testemunhando uma
			antiga edificação românica, vestígios dos paramentos coroados por cachorradas com  modilhões esculpidos,
			dominando os motivos geométricos e fitomórficos. É o que resta da edificação medieval, profundamente alterada por sucessivas remodelações,
			em relação à qual não se conhece qualquer referência ou documento coevo que permita conhecer melhor a sua história.</descarq>
</arqelem>
