<?xml version="1.0" encoding="UTF-8"?>
<arqelem>
   <id>Monte de Sequeiros </id>
   <desc> Povoado fortificado</desc>
   <lugar> Monte de Sequeiros </lugar>
   <freguesia> Sequeiros </freguesia>
   <concelho> Amares </concelho>
   <acesso>O acesso faz-se por caminho de pé posto, a partir do lugar do Paço, da freguesia de Sequeiros.</acesso>
   <quadro>O monte de Sequeiros corresponde a um pequeno esporão da vertente NO da serra da Abadia, já praticamente sobranceiro ao rio
			Homem.</quadro>
   <descarq>A densa cobertura vegetal que cobre o monte dificulta a observação de estruturas, ou a detecção de cerâmica. No entanto, a toponímia,
			a tradição lendária e a notícia do aparecimento, há alguns anos, de vasos, aliados à localização e condições topográficas do sítio, são
			indicativos da existência de um  castro.</descarq>
</arqelem>
