<?xml version="1.0" encoding="UTF-8"?>
<arqelem>
   <id> Giela </id>
   <desc> Paço </desc>
   <lugar> Giela </lugar>
   <freguesia> Giela </freguesia>
   <concelho> Arcos de Valdevez </concelho>
   <acesso>Junto à aldeia de Giela. O acesso faz-se a pé, directamente a partir da estrada nacional EN.202-2, que liga Arcos de Valdevez a
			Sistelo. O monumento não está sinalizado.</acesso>
   <quadro/>
   <descarq>Residência senhorial do senhor da Terra, pelo menos desde a primeira metade do século XV, o Paço de Giela é uma das mais antigas e
			melhor conservadas casas-torre minhotas. Da edificação medieval conserva apenas a elevada torre ameada, comparável a uma verdadeira torre
			de menagem, cuja construção, de grande qualidade, deverá remontar ao século XIV. Nas primeiras décadas do século XVI ter-se-á construído o
			bloco habitacional que actualmente apresenta acoplado. De planta rectangular e com porta fortificada, apresenta elementos de decoração
			arquitectónica de estilo manuelino, bem evidenciados nas guarnições das janelas.</descarq>
</arqelem>
