<?xml version="1.0" encoding="UTF-8"?>
<arqelem>
   <id> S. Julião </id>
   <desc> Capela; Cruzeiro </desc>
   <lugar> S. Julião </lugar>
   <freguesia> Melgaço </freguesia>
   <concelho> Melgaço </concelho>
   <acesso>O acesso faz-se directamente pelo antigo traçado da estrada EN.301, na direcção Melgaço - Chaviães, que passa junto ao monumento, que
			não está sinalizado. Menos de 10 minutos, a pé, desde a vila.</acesso>
   <quadro/>
   <descarq>As referências documentais à capela de S. Julião são escassas. Sabe-se que aí existiu, como era usual na Idade Média à saída das
			povoações, junto das principais vias, uma gafaria. Com ela estaria relacionada a capela de S. Julião, cuja edificação tardo-medieval ainda
			se conserva - pequeno templo de planta rectangular, baixo, de paredes de alvenaria simples e fachada mais elaborada, construída com  silhares montados em bom  aparelho isódono, na qual se abre um portal
				de arcoapontado, liso, apoiado em  impostas igualmente lisas, denunciando na
			sua simplicidade a origem gótica da construção ( classificada como IIP - i/86 de 3-1). No adro fronteiro domina um belíssimo cruzeiro
			bifronte, magnificamente esculturado (classificado como M.N. - Dec. 11454 - 19-2-1926). No conjunto trata-se de um monumento
			baixo-medieval razoavelmente conservado, mas em evidente estado de abandono.</descarq>
</arqelem>
